family,scenario,baseline_label,comparator_label,baseline_cost_usd,comparator_cost_usd,baseline_to_comparator_ratio,interpretation
T-STRUCT,reported deployed configuration,standard_rlm,Gemma extraction + fixed aggregation,0.01982595,0.0002,99.1297,"This is the paper-facing deployed-configuration ratio, not a matched-model scaffold-overhead estimate."
T-STRUCT,Gemma alternative cost x10,standard_rlm,Gemma extraction + fixed aggregation,0.01982595,0.002,9.913,"Even if the Gemma extraction path were ten times more expensive than logged, it remains cheaper on the stored run."
T-STRUCT,RLM cost /2 and Gemma alternative cost x2,standard_rlm,Gemma extraction + fixed aggregation,0.00991297,0.0004,24.7824,A conservative two-sided price perturbation still leaves a large cost gap; it should still be described as deployed-configuration cost.
Oolong N=30 standard-unlabeled,corrected token-trace price,standard_rlm,SLM-labeler + typed,0.255676,0.007257,35.2316,Paper-facing corrected price after adding the exact Gemma 4 26B-A4B OpenRouter entry.
Oolong N=30 standard-unlabeled,old raw pre-patch SLM estimate,standard_rlm,SLM-labeler + typed,0.255676,0.103732,2.4648,"The old raw SLM estimate is retained for audit; even under it, the SLM route is cheaper than standard RLM on this pilot."
Oolong N=120 standard-unlabeled,reported logged price,standard_rlm,SLM-labeler + typed,2.68834,0.658995,4.0795,Main public-contract cost ratio from fully traced stored outputs.
Oolong N=120 standard-unlabeled,SLM route x2,standard_rlm,SLM-labeler + typed,2.68834,1.31799,2.0397,A doubled SLM price still leaves the SLM route cheaper than standard RLM.
Oolong N=120 standard-unlabeled,direct Gemini comparator,standard_rlm,direct Gemini,2.68834,1.546563,1.7383,Direct Gemini ties standard RLM on accuracy and is cheaper; this is a matched-controller scaffold diagnostic.
Oolong N=45 method-locked checkpoint,reported logged price,standard_rlm,SLM-labeler + typed,1.799692,0.248136,7.2528,Method-locked checkpoint cost ratio under the same standard-input contract; example IDs are prior-excluded but context-window overlap is disclosed separately.
Oolong N=45 method-locked checkpoint,Gemini 3.5 direct vs SLM,Gemini 3.5 direct,SLM-labeler + typed,2.942868,0.248136,11.8599,Current-model direct controller remains substantially more expensive than the SLM route on the method-locked checkpoint slice.
