run_id,example_id,context_len,task_group,context_window_id,inferred_task,gold_task,task_match,inferred_answer_type,gold_answer_type,answer_type_match,prediction,gold,correct,cost_usd,row_count,row_label_exact,row_label_accuracy,typed_status,typed_ops,error,question
oolong_standard_multilength_n120_slm_labeler_question_parsed_typed_20260713,813080036,8192,counting,80010,TASK_TYPE.RELATIVE_FREQ,TASK_TYPE.RELATIVE_FREQ,True,ANSWER_TYPE.COMPARISON,ANSWER_TYPE.COMPARISON,True,more common than,more common than,1.0,0.00096279,144,133,0.923611,label_compare,count_label;compare,,"In the above data, is label 'incorrect' more common, less common, or the same frequency as label 'correct'? Give your final answer in the form 'Answer: incorrect is [X] correct', where [X] is 'more common than', 'less common than', or 'same frequency as'."
oolong_standard_multilength_n120_slm_labeler_question_parsed_typed_20260713,513050037,8192,counting,50010,TASK_TYPE.RELATIVE_FREQ,TASK_TYPE.RELATIVE_FREQ,True,ANSWER_TYPE.COMPARISON,ANSWER_TYPE.COMPARISON,True,more common than,more common than,1.0,0.0007797899999999999,98,88,0.897959,label_compare,count_label;compare,,"In the above data, is label 'Science & Mathematics' more common, less common, or the same frequency as label 'Entertainment & Music'? Give your final answer in the form 'Answer: Science & Mathematics is [X] Entertainment & Music', where [X] is 'more common than', 'less common than', or 'same frequency as'."
oolong_standard_multilength_n120_slm_labeler_question_parsed_typed_20260713,613060036,8192,counting,60010,TASK_TYPE.RELATIVE_FREQ,TASK_TYPE.RELATIVE_FREQ,True,ANSWER_TYPE.COMPARISON,ANSWER_TYPE.COMPARISON,True,more common than,more common than,1.0,0.0009440399999999999,144,137,0.951389,label_compare,count_label;compare,,"In the above data, is label 'informal' more common, less common, or the same frequency as label 'formal'? Give your final answer in the form 'Answer: informal is [X] formal', where [X] is 'more common than', 'less common than', or 'same frequency as'."
oolong_standard_multilength_n120_slm_labeler_question_parsed_typed_20260713,413040037,8192,counting,40010,TASK_TYPE.NUMERIC_ONE_CLASS,TASK_TYPE.NUMERIC_ONE_CLASS,True,ANSWER_TYPE.NUMERIC,ANSWER_TYPE.NUMERIC,True,101,87,0.0178,0.00103305,164,146,0.890244,numeric_label_count,filter_label;count,,"In the above data, how many data points should be classified as label 'False'? Give your final answer in the form 'Answer: number'."
oolong_standard_multilength_n120_slm_labeler_question_parsed_typed_20260713,713070016,8192,counting,70009,TASK_TYPE.NUMERIC_ONE_CLASS,TASK_TYPE.NUMERIC_ONE_CLASS,True,ANSWER_TYPE.NUMERIC,ANSWER_TYPE.NUMERIC,True,31,23,0.1001,0.0008384099999999999,104,89,0.855769,numeric_label_count,filter_label;count,,"In the above data, how many data points should be classified as label 'neutral'? Give your final answer in the form 'Answer: number'."
oolong_standard_multilength_n120_slm_labeler_question_parsed_typed_20260713,813080011,8192,counting,80009,TASK_TYPE.RELATIVE_FREQ,TASK_TYPE.RELATIVE_FREQ,True,ANSWER_TYPE.COMPARISON,ANSWER_TYPE.COMPARISON,True,more common than,more common than,1.0,0.00096267,144,117,0.8125,label_compare,count_label;compare,,"In the above data, is label 'incorrect' more common, less common, or the same frequency as label 'correct'? Give your final answer in the form 'Answer: incorrect is [X] correct', where [X] is 'more common than', 'less common than', or 'same frequency as'."
oolong_standard_multilength_n120_slm_labeler_question_parsed_typed_20260713,713070040,8192,counting,70010,TASK_TYPE.NUMERIC_ONE_CLASS,TASK_TYPE.NUMERIC_ONE_CLASS,True,ANSWER_TYPE.NUMERIC,ANSWER_TYPE.NUMERIC,True,29,23,0.178,0.00080013,104,92,0.884615,numeric_label_count,filter_label;count,,"In the above data, how many data points should be classified as label 'neutral'? Give your final answer in the form 'Answer: number'."
oolong_standard_multilength_n120_slm_labeler_question_parsed_typed_20260713,913090012,8192,counting,90009,TASK_TYPE.NUMERIC_ONE_CLASS,TASK_TYPE.NUMERIC_ONE_CLASS,True,ANSWER_TYPE.NUMERIC,ANSWER_TYPE.NUMERIC,True,90,99,0.0751,0.0010104299999999999,150,139,0.926667,numeric_label_count,filter_label;count,,"In the above data, how many data points should be classified as label 'negative'? Give your final answer in the form 'Answer: number'."
oolong_standard_multilength_n120_slm_labeler_question_parsed_typed_20260713,514050052,16384,counting,50013,TASK_TYPE.RELATIVE_FREQ,TASK_TYPE.RELATIVE_FREQ,True,ANSWER_TYPE.COMPARISON,ANSWER_TYPE.COMPARISON,True,more common than,more common than,1.0,0.0015831299999999999,204,180,0.882353,label_compare,count_label;compare,,"In the above data, is label 'Sports' more common, less common, or the same frequency as label 'Health'? Give your final answer in the form 'Answer: Sports is [X] Health', where [X] is 'more common than', 'less common than', or 'same frequency as'."
oolong_standard_multilength_n120_slm_labeler_question_parsed_typed_20260713,714070039,16384,counting,70013,TASK_TYPE.RELATIVE_FREQ,TASK_TYPE.RELATIVE_FREQ,True,ANSWER_TYPE.COMPARISON,ANSWER_TYPE.COMPARISON,True,more common than,more common than,1.0,0.0017118600000000002,216,191,0.884259,label_compare,count_label;compare,,"In the above data, is label 'entailment' more common, less common, or the same frequency as label 'contradiction'? Give your final answer in the form 'Answer: entailment is [X] contradiction', where [X] is 'more common than', 'less common than', or 'same frequency as'."
oolong_standard_multilength_n120_slm_labeler_question_parsed_typed_20260713,814080039,16384,counting,80013,TASK_TYPE.RELATIVE_FREQ,TASK_TYPE.RELATIVE_FREQ,True,ANSWER_TYPE.COMPARISON,ANSWER_TYPE.COMPARISON,True,more common than,more common than,1.0,0.0019629,296,262,0.885135,label_compare,count_label;compare,,"In the above data, is label 'correct' more common, less common, or the same frequency as label 'incorrect'? Give your final answer in the form 'Answer: correct is [X] incorrect', where [X] is 'more common than', 'less common than', or 'same frequency as'."
oolong_standard_multilength_n120_slm_labeler_question_parsed_typed_20260713,214020012,16384,counting,20012,TASK_TYPE.MOST_FREQ,TASK_TYPE.MOST_FREQ,True,ANSWER_TYPE.LABEL,ANSWER_TYPE.LABEL,True,positive,positive,1.0,0.00097488,40,29,0.725,label_most,count_label;argmax,,"In the above data, which of the labels is the most common? Give your final answer in the form 'Label: answer' where answer is one of the labels: negative, positive."
oolong_standard_multilength_n120_slm_labeler_question_parsed_typed_20260713,314030019,16384,counting,30012,TASK_TYPE.RELATIVE_FREQ,TASK_TYPE.RELATIVE_FREQ,True,ANSWER_TYPE.COMPARISON,ANSWER_TYPE.COMPARISON,True,more common than,less common than,0.0,0.00145701,168,157,0.934524,label_compare,count_label;compare,,"In the above data, is label 'World' more common, less common, or the same frequency as label 'Sci/Tech'? Give your final answer in the form 'Answer: World is [X] Sci/Tech', where [X] is 'more common than', 'less common than', or 'same frequency as'."
oolong_standard_multilength_n120_slm_labeler_question_parsed_typed_20260713,814080015,16384,counting,80012,TASK_TYPE.NUMERIC_ONE_CLASS,TASK_TYPE.NUMERIC_ONE_CLASS,True,ANSWER_TYPE.NUMERIC,ANSWER_TYPE.NUMERIC,True,135,157,0.0018,0.0019508099999999999,296,257,0.868243,numeric_label_count,filter_label;count,,"In the above data, how many data points should be classified as label 'correct'? Give your final answer in the form 'Answer: number'."
oolong_standard_multilength_n120_slm_labeler_question_parsed_typed_20260713,514050021,16384,counting,50012,TASK_TYPE.RELATIVE_FREQ,TASK_TYPE.RELATIVE_FREQ,True,ANSWER_TYPE.COMPARISON,ANSWER_TYPE.COMPARISON,True,less common than,less common than,1.0,0.0015840300000000002,204,182,0.892157,label_compare,count_label;compare,,"In the above data, is label 'Education & Reference' more common, less common, or the same frequency as label 'Society & Culture'? Give your final answer in the form 'Answer: Education & Reference is [X] Society & Culture', where [X] is 'more common than', 'less common than', or 'same frequency as'."
oolong_standard_multilength_n120_slm_labeler_question_parsed_typed_20260713,414040014,16384,counting,40012,TASK_TYPE.NUMERIC_ONE_CLASS,TASK_TYPE.NUMERIC_ONE_CLASS,True,ANSWER_TYPE.NUMERIC,ANSWER_TYPE.NUMERIC,True,109,168,0.0,0.00210876,337,272,0.807122,numeric_label_count,filter_label;count,,"In the above data, how many data points should be classified as label 'True'? Give your final answer in the form 'Answer: number'."
oolong_standard_multilength_n120_slm_labeler_question_parsed_typed_20260713,815080229,32768,counting,80001,TASK_TYPE.NUMERIC_ONE_CLASS,TASK_TYPE.NUMERIC_ONE_CLASS,True,ANSWER_TYPE.NUMERIC,ANSWER_TYPE.NUMERIC,True,333,341,0.1001,0.004240559999999999,602,556,0.923588,numeric_label_count,filter_label;count,,"In the above data, how many data points should be classified as label 'correct'? Give your final answer in the form 'Answer: number'."
oolong_standard_multilength_n120_slm_labeler_question_parsed_typed_20260713,715070042,32768,counting,70017,TASK_TYPE.LEAST_FREQ,TASK_TYPE.LEAST_FREQ,True,ANSWER_TYPE.LABEL,ANSWER_TYPE.LABEL,True,contradiction,entailment,0.0,0.00345939,438,381,0.869863,label_least,count_label;argmin,,"In the above data, which of the labels is the least common? Give your final answer in the form 'Label: answer' where answer is one of the labels: contradiction, neutral, entailment."
oolong_standard_multilength_n120_slm_labeler_question_parsed_typed_20260713,515050051,32768,counting,50017,TASK_TYPE.RELATIVE_FREQ,TASK_TYPE.RELATIVE_FREQ,True,ANSWER_TYPE.COMPARISON,ANSWER_TYPE.COMPARISON,True,more common than,more common than,1.0,0.00319626,414,365,0.881643,label_compare,count_label;compare,,"In the above data, is label 'Sports' more common, less common, or the same frequency as label 'Society & Culture'? Give your final answer in the form 'Answer: Sports is [X] Society & Culture', where [X] is 'more common than', 'less common than', or 'same frequency as'."
oolong_standard_multilength_n120_slm_labeler_question_parsed_typed_20260713,215020017,32768,counting,20016,TASK_TYPE.LEAST_FREQ,TASK_TYPE.LEAST_FREQ,True,ANSWER_TYPE.LABEL,ANSWER_TYPE.LABEL,True,negative,negative,1.0,0.00190527,81,49,0.604938,label_least,count_label;argmin,,"In the above data, which of the labels is the least common? Give your final answer in the form 'Label: answer' where answer is one of the labels: negative, positive."
oolong_standard_multilength_n120_slm_labeler_question_parsed_typed_20260713,315030049,32768,counting,30017,TASK_TYPE.NUMERIC_ONE_CLASS,TASK_TYPE.NUMERIC_ONE_CLASS,True,ANSWER_TYPE.NUMERIC,ANSWER_TYPE.NUMERIC,True,75,87,0.0317,0.002919,341,322,0.944282,numeric_label_count,filter_label;count,,"In the above data, how many data points should be classified as label 'Sci/Tech'? Give your final answer in the form 'Answer: number'."
oolong_standard_multilength_n120_slm_labeler_question_parsed_typed_20260713,615060017,32768,counting,60016,TASK_TYPE.LEAST_FREQ,TASK_TYPE.LEAST_FREQ,True,ANSWER_TYPE.LABEL,ANSWER_TYPE.LABEL,True,formal,formal,1.0,0.00391461,602,578,0.960133,label_least,count_label;argmin,,"In the above data, which of the labels is the least common? Give your final answer in the form 'Label: answer' where answer is one of the labels: formal, informal."
oolong_standard_multilength_n120_slm_labeler_question_parsed_typed_20260713,415040019,32768,counting,40016,TASK_TYPE.NUMERIC_ONE_CLASS,TASK_TYPE.NUMERIC_ONE_CLASS,True,ANSWER_TYPE.NUMERIC,ANSWER_TYPE.NUMERIC,True,180,261,0.0,0.00428142,683,586,0.85798,numeric_label_count,filter_label;count,,"In the above data, how many data points should be classified as label 'True'? Give your final answer in the form 'Answer: number'."
oolong_standard_multilength_n120_slm_labeler_question_parsed_typed_20260713,715070019,32768,counting,70016,TASK_TYPE.RELATIVE_FREQ,TASK_TYPE.RELATIVE_FREQ,True,ANSWER_TYPE.COMPARISON,ANSWER_TYPE.COMPARISON,True,more common than,more common than,1.0,0.00342153,438,400,0.913242,label_compare,count_label;compare,,"In the above data, is label 'entailment' more common, less common, or the same frequency as label 'contradiction'? Give your final answer in the form 'Answer: entailment is [X] contradiction', where [X] is 'more common than', 'less common than', or 'same frequency as'."
oolong_standard_multilength_n120_slm_labeler_question_parsed_typed_20260713,916090019,65536,counting,90018,TASK_TYPE.NUMERIC_ONE_CLASS,TASK_TYPE.NUMERIC_ONE_CLASS,True,ANSWER_TYPE.NUMERIC,ANSWER_TYPE.NUMERIC,True,654,623,0.0001,0.0084249,1262,1213,0.961173,numeric_label_count,filter_label;count,,"In the above data, how many data points should be classified as label 'positive'? Give your final answer in the form 'Answer: number'."
oolong_standard_multilength_n120_slm_labeler_question_parsed_typed_20260713,816080230,65536,counting,80004,TASK_TYPE.NUMERIC_ONE_CLASS,TASK_TYPE.NUMERIC_ONE_CLASS,True,ANSWER_TYPE.NUMERIC,ANSWER_TYPE.NUMERIC,True,608,613,0.2373,0.00812625,1212,1136,0.937294,numeric_label_count,filter_label;count,,"In the above data, how many data points should be classified as label 'correct'? Give your final answer in the form 'Answer: number'."
oolong_standard_multilength_n120_slm_labeler_question_parsed_typed_20260713,416040018,65536,counting,40018,TASK_TYPE.MOST_FREQ,TASK_TYPE.MOST_FREQ,True,ANSWER_TYPE.LABEL,ANSWER_TYPE.LABEL,True,false,False,1.0,0.008610270000000001,1374,1049,0.763464,label_most,count_label;argmax,,"In the above data, which of the labels is the most common? Give your final answer in the form 'Label: answer' where answer is one of the labels: True, False."
oolong_standard_multilength_n120_slm_labeler_question_parsed_typed_20260713,416040047,65536,counting,40019,TASK_TYPE.NUMERIC_ONE_CLASS,TASK_TYPE.NUMERIC_ONE_CLASS,True,ANSWER_TYPE.NUMERIC,ANSWER_TYPE.NUMERIC,True,282,370,0.0,0.00860505,1374,1172,0.852984,numeric_label_count,filter_label;count,,"In the above data, how many data points should be classified as label 'True'? Give your final answer in the form 'Answer: number'."
oolong_standard_multilength_n120_slm_labeler_question_parsed_typed_20260713,216020021,65536,counting,20018,TASK_TYPE.NUMERIC_ONE_CLASS,TASK_TYPE.NUMERIC_ONE_CLASS,True,ANSWER_TYPE.NUMERIC,ANSWER_TYPE.NUMERIC,True,59,59,1.0,0.0039359700000000004,164,57,0.347561,numeric_label_count,filter_label;count,,"In the above data, how many data points should be classified as label 'positive'? Give your final answer in the form 'Answer: number'."
oolong_standard_multilength_n120_slm_labeler_question_parsed_typed_20260713,716070045,65536,counting,70019,TASK_TYPE.RELATIVE_FREQ,TASK_TYPE.RELATIVE_FREQ,True,ANSWER_TYPE.COMPARISON,ANSWER_TYPE.COMPARISON,True,more common than,more common than,1.0,0.006890520000000001,883,760,0.860702,label_compare,count_label;compare,,"In the above data, is label 'contradiction' more common, less common, or the same frequency as label 'entailment'? Give your final answer in the form 'Answer: contradiction is [X] entailment', where [X] is 'more common than', 'less common than', or 'same frequency as'."
oolong_standard_multilength_n120_slm_labeler_question_parsed_typed_20260713,516050018,65536,counting,50018,TASK_TYPE.MOST_FREQ,TASK_TYPE.MOST_FREQ,True,ANSWER_TYPE.LABEL,ANSWER_TYPE.LABEL,True,science & mathematics,Education & Reference,0.0,0.00617796,835,700,0.838323,label_most,count_label;argmax,,"In the above data, which of the labels is the most common? Give your final answer in the form 'Label: answer' where answer is one of the labels: Family & Relationships, Business & Finance, Politics & Government, Computers & Internet, Health, Entertainment & Music, Education & Reference, Society & Culture, Sports, Science & Mathematics."
oolong_standard_multilength_n120_slm_labeler_question_parsed_typed_20260713,316030020,65536,counting,30018,TASK_TYPE.RELATIVE_FREQ,TASK_TYPE.RELATIVE_FREQ,True,ANSWER_TYPE.COMPARISON,ANSWER_TYPE.COMPARISON,True,less common than,less common than,1.0,0.005808540000000001,687,643,0.935953,label_compare,count_label;compare,,"In the above data, is label 'World' more common, less common, or the same frequency as label 'Sports'? Give your final answer in the form 'Answer: World is [X] Sports', where [X] is 'more common than', 'less common than', or 'same frequency as'."
oolong_standard_multilength_n120_slm_labeler_question_parsed_typed_20260713,317030031,131072,counting,30021,TASK_TYPE.NUMERIC_ONE_CLASS,TASK_TYPE.NUMERIC_ONE_CLASS,True,ANSWER_TYPE.NUMERIC,ANSWER_TYPE.NUMERIC,True,267,265,0.5625,0.01189125,1378,1189,0.862845,numeric_label_count,filter_label;count,,"In the above data, how many data points should be classified as label 'Sports'? Give your final answer in the form 'Answer: number'."
oolong_standard_multilength_n120_slm_labeler_question_parsed_typed_20260713,417040023,131072,counting,40021,TASK_TYPE.NUMERIC_ONE_CLASS,TASK_TYPE.NUMERIC_ONE_CLASS,True,ANSWER_TYPE.NUMERIC,ANSWER_TYPE.NUMERIC,True,1788,1392,0.0,0.01729317,2758,2138,0.775199,numeric_label_count,filter_label;count,,"In the above data, how many data points should be classified as label 'False'? Give your final answer in the form 'Answer: number'."
oolong_standard_multilength_n120_slm_labeler_question_parsed_typed_20260713,317030046,131072,counting,30022,TASK_TYPE.LEAST_FREQ,TASK_TYPE.LEAST_FREQ,True,ANSWER_TYPE.LABEL,ANSWER_TYPE.LABEL,True,sci/tech,World,0.0,0.01174347,1378,1285,0.932511,label_least,count_label;argmin,,"In the above data, which of the labels is the least common? Give your final answer in the form 'Label: answer' where answer is one of the labels: Business, World, Sports, Sci/Tech."
oolong_standard_multilength_n120_slm_labeler_question_parsed_typed_20260713,517050049,131072,counting,50022,TASK_TYPE.RELATIVE_FREQ,TASK_TYPE.RELATIVE_FREQ,True,ANSWER_TYPE.COMPARISON,ANSWER_TYPE.COMPARISON,True,more common than,more common than,1.0,0.01295508,1676,1455,0.868138,label_compare,count_label;compare,,"In the above data, is label 'Education & Reference' more common, less common, or the same frequency as label 'Health'? Give your final answer in the form 'Answer: Education & Reference is [X] Health', where [X] is 'more common than', 'less common than', or 'same frequency as'."
oolong_standard_multilength_n120_slm_labeler_question_parsed_typed_20260713,917090048,131072,counting,90022,TASK_TYPE.RELATIVE_FREQ,TASK_TYPE.RELATIVE_FREQ,True,ANSWER_TYPE.COMPARISON,ANSWER_TYPE.COMPARISON,True,less common than,less common than,1.0,0.017159670000000002,2533,2365,0.933675,label_compare,count_label;compare,,"In the above data, is label 'positive' more common, less common, or the same frequency as label 'negative'? Give your final answer in the form 'Answer: positive is [X] negative', where [X] is 'more common than', 'less common than', or 'same frequency as'."
oolong_standard_multilength_n120_slm_labeler_question_parsed_typed_20260713,817080211,131072,counting,80008,TASK_TYPE.NUMERIC_ONE_CLASS,TASK_TYPE.NUMERIC_ONE_CLASS,True,ANSWER_TYPE.NUMERIC,ANSWER_TYPE.NUMERIC,True,965,944,0.0024,0.01630827,2433,2228,0.915742,numeric_label_count,filter_label;count,,"In the above data, how many data points should be classified as label 'correct'? Give your final answer in the form 'Answer: number'."
oolong_standard_multilength_n120_slm_labeler_question_parsed_typed_20260713,217020048,131072,counting,20022,TASK_TYPE.RELATIVE_FREQ,TASK_TYPE.RELATIVE_FREQ,True,ANSWER_TYPE.COMPARISON,ANSWER_TYPE.COMPARISON,True,more common than,more common than,1.0,0.007964009999999999,330,325,0.984848,label_compare,count_label;compare,,"In the above data, is label 'positive' more common, less common, or the same frequency as label 'negative'? Give your final answer in the form 'Answer: positive is [X] negative', where [X] is 'more common than', 'less common than', or 'same frequency as'."
oolong_standard_multilength_n120_slm_labeler_question_parsed_typed_20260713,617060046,131072,counting,60022,TASK_TYPE.LEAST_FREQ,TASK_TYPE.LEAST_FREQ,True,ANSWER_TYPE.LABEL,ANSWER_TYPE.LABEL,True,informal,formal,0.0,0.01597833,2433,2305,0.94739,label_least,count_label;argmin,,"In the above data, which of the labels is the least common? Give your final answer in the form 'Label: answer' where answer is one of the labels: informal, formal."
oolong_standard_multilength_n120_slm_labeler_question_parsed_typed_20260713,313030058,8192,timeline,30010,TASK_TYPE.MOST_FREQ,TASK_TYPE.MOST_FREQ,True,ANSWER_TYPE.DATE,ANSWER_TYPE.DATE,True,"Mar 27, 2022",2022-03-27 00:00:00,1.0,0.00069882,81,68,0.839506,date_most,count_date;argmax,,"In the above data, which date is represented most often? Give your final answer in the form 'Date: [X]', where [X] is the date in the format MM/DD/YYYY."
oolong_standard_multilength_n120_slm_labeler_question_parsed_typed_20260713,713070056,8192,timeline,70010,TASK_TYPE.LEAST_FREQ,TASK_TYPE.LEAST_FREQ,True,ANSWER_TYPE.LABEL,ANSWER_TYPE.LABEL,True,entailment,neutral,0.0,0.00080454,104,95,0.913462,label_least,filter_month;count_label;argmin,,"For the following question, only consider the subset of instances that occur in November of any year. Among instances occuring in November, which of the labels is the least common? Give your final answer in the form 'Label: answer' where answer is one of the labels: contradiction, entailment, neutral."
oolong_standard_multilength_n120_slm_labeler_question_parsed_typed_20260713,213020050,8192,timeline,20010,TASK_TYPE.MOST_FREQ,TASK_TYPE.MOST_FREQ,True,ANSWER_TYPE.LABEL,ANSWER_TYPE.LABEL,True,negative,negative,1.0,0.00038303999999999996,19,6,0.315789,label_most,filter_month;count_label;argmax,,"For the following question, only consider the subset of instances that occur in May of any year. Among instances occuring in May, which of the labels is the most common? Give your final answer in the form 'Label: answer' where answer is one of the labels: negative."
oolong_standard_multilength_n120_slm_labeler_question_parsed_typed_20260713,813080029,8192,timeline,80009,TASK_TYPE.NUMERIC_ONE_CLASS,TASK_TYPE.NUMERIC_ONE_CLASS,True,ANSWER_TYPE.NUMERIC,ANSWER_TYPE.NUMERIC,True,10,11,0.75,0.0009652500000000001,144,105,0.729167,numeric_label_count,filter_month;filter_label;count,,"For the following question, only consider the subset of instances that occur in April of any year. Among instances occuring in April, how many data points should be classified as label 'incorrect'? Give your final answer in the form 'Answer: number'."
oolong_standard_multilength_n120_slm_labeler_question_parsed_typed_20260713,713070028,8192,timeline,70009,TASK_TYPE.RELATIVE_FREQ,TASK_TYPE.RELATIVE_FREQ,True,ANSWER_TYPE.COMPARISON,ANSWER_TYPE.COMPARISON,True,less common,less common,1.0,0.00084747,104,91,0.875,before_after_label_rate,split_before_after;compare_label_rates,,"In the above data, was label 'entailment' more common, less common, or the same frequency before 2024-05-13, as compared to after 2024-05-13? Give your final answer in the form 'Answer: entailment is [X] before 2024-05-13', where [X] is 'more common', 'less common', or 'the same frequency'."
oolong_standard_multilength_n120_slm_labeler_question_parsed_typed_20260713,213020030,8192,timeline,20009,TASK_TYPE.RELATIVE_FREQ,TASK_TYPE.RELATIVE_FREQ,True,ANSWER_TYPE.COMPARISON,ANSWER_TYPE.COMPARISON,True,more common than,more common than,1.0,0.00036324,19,19,1.0,label_compare,filter_date_range;count_label;compare,,"For the following question, only consider the subset of instances that occur between Nov 17, 2023 and Mar 08, 2025, inclusive. Among instances occuring in this date range, is label 'negative' more common, less common, or the same frequency as label 'positive'? Give your final answer in the form 'Answer: negative is [X] positive', where [X] is 'more common than', 'less common than', or 'same frequency as'."
oolong_standard_multilength_n120_slm_labeler_question_parsed_typed_20260713,913090022,8192,timeline,90009,TASK_TYPE.REPRESENTED_N_TIMES,TASK_TYPE.REPRESENTED_N_TIMES,True,ANSWER_TYPE.NUMERIC,ANSWER_TYPE.NUMERIC,True,10,10,1.0,0.00101211,150,136,0.906667,represented_n,count_date;count_values_with_frequency_n,,"In the above data, how many dates are represented exactly 2 times? Give your final answer in the form 'Answer: [X]', where [X] is the number of dates represented exactly 2 times."
oolong_standard_multilength_n120_slm_labeler_question_parsed_typed_20260713,313030031,8192,timeline,30009,TASK_TYPE.MOST_FREQ,TASK_TYPE.MOST_FREQ,True,ANSWER_TYPE.DATE,ANSWER_TYPE.DATE,True,"Feb 06, 2023",2023-02-06 00:00:00,1.0,0.0006732,81,76,0.938272,date_most,count_date;argmax,,"In the above data, which date is represented most often? Give your final answer in the form 'Date: [X]', where [X] is the date in the format MM/DD/YYYY."
oolong_standard_multilength_n120_slm_labeler_question_parsed_typed_20260713,914090025,16384,timeline,90012,TASK_TYPE.MOST_FREQ,TASK_TYPE.MOST_FREQ,True,ANSWER_TYPE.DATE,ANSWER_TYPE.DATE,True,"Jan 29, 2024",2024-01-29 00:00:00,1.0,0.0019898399999999997,309,298,0.964401,date_most,count_date;argmax,,"In the above data, which date is represented most often? Give your final answer in the form 'Date: [X]', where [X] is the date in the format MM/DD/YYYY."
oolong_standard_multilength_n120_slm_labeler_question_parsed_typed_20260713,314030036,16384,timeline,30012,TASK_TYPE.MOST_FREQ,TASK_TYPE.MOST_FREQ,True,ANSWER_TYPE.DATE,ANSWER_TYPE.DATE,True,"May 04, 2024",2024-05-04 00:00:00,1.0,0.00145521,168,156,0.928571,date_most,count_date;argmax,,"In the above data, which date is represented most often? Give your final answer in the form 'Date: [X]', where [X] is the date in the format MM/DD/YYYY."
oolong_standard_multilength_n120_slm_labeler_question_parsed_typed_20260713,214020031,16384,timeline,20012,TASK_TYPE.LEAST_FREQ,TASK_TYPE.LEAST_FREQ,True,ANSWER_TYPE.LABEL,ANSWER_TYPE.LABEL,True,positive,positive,1.0,0.0009759300000000001,40,30,0.75,label_least,filter_month;count_label;argmin,,"For the following question, only consider the subset of instances that occur in March of any year. Among instances occuring in March, which of the labels is the least common? Give your final answer in the form 'Label: answer' where answer is one of the labels: positive, negative."
oolong_standard_multilength_n120_slm_labeler_question_parsed_typed_20260713,414040023,16384,timeline,40012,TASK_TYPE.RELATIVE_FREQ,TASK_TYPE.RELATIVE_FREQ,True,ANSWER_TYPE.COMPARISON,ANSWER_TYPE.COMPARISON,True,less common,less common,1.0,0.0021248400000000002,337,270,0.801187,before_after_label_rate,split_before_after;compare_label_rates,,"In the above data, was label 'True' more common, less common, or the same frequency before 2024-06-18, as compared to after 2024-06-18? Give your final answer in the form 'Answer: True is [X] before 2024-06-18', where [X] is 'more common', 'less common', or 'the same frequency'."
oolong_standard_multilength_n120_slm_labeler_question_parsed_typed_20260713,714070061,16384,timeline,70013,TASK_TYPE.RELATIVE_FREQ,TASK_TYPE.RELATIVE_FREQ,True,ANSWER_TYPE.COMPARISON,ANSWER_TYPE.COMPARISON,True,less common than,more common than,0.0,0.00191028,216,187,0.865741,label_compare,filter_month;count_label;compare,,"For the following question, only consider the subset of instances that occur in January of any year. Among instances occuring in January, is label 'neutral' more common, less common, or the same frequency as label 'contradiction'? Give your final answer in the form 'Answer: neutral is [X] contradiction', where [X] is 'more common than', 'less common than', or 'same frequency as'."
oolong_standard_multilength_n120_slm_labeler_question_parsed_typed_20260713,614060059,16384,timeline,60013,TASK_TYPE.MOST_FREQ,TASK_TYPE.MOST_FREQ,True,ANSWER_TYPE.LABEL,ANSWER_TYPE.LABEL,True,informal,informal,1.0,0.0019043699999999998,297,276,0.929293,label_most,filter_date_range;count_label;argmax,,"For the following question, only consider the subset of instances that occur between Mar 20, 2023 and Jan 18, 2024, inclusive. Among instances occuring in this date range, which of the labels is the most common? Give your final answer in the form 'Label: answer' where answer is one of the labels: informal, formal."
oolong_standard_multilength_n120_slm_labeler_question_parsed_typed_20260713,914090061,16384,timeline,90013,TASK_TYPE.NUMERIC_ONE_CLASS,TASK_TYPE.NUMERIC_ONE_CLASS,True,ANSWER_TYPE.NUMERIC,ANSWER_TYPE.NUMERIC,True,28,28,1.0,0.002088,309,290,0.938511,numeric_label_count,filter_date_range;filter_label;count,,"For the following question, only consider the subset of instances that occur between Jul 19, 2022 and Jan 31, 2023, inclusive. Among instances occuring in this date range, how many data points should be classified as label 'negative'? Give your final answer in the form 'Answer: number'."
oolong_standard_multilength_n120_slm_labeler_question_parsed_typed_20260713,214020052,16384,timeline,20013,TASK_TYPE.RELATIVE_FREQ,TASK_TYPE.RELATIVE_FREQ,True,ANSWER_TYPE.COMPARISON,ANSWER_TYPE.COMPARISON,True,more common,more common,1.0,0.00105003,40,39,0.975,before_after_label_rate,split_before_after;compare_label_rates,,"In the above data, was label 'negative' more common, less common, or the same frequency before 2024-03-29, as compared to after 2024-03-29? Give your final answer in the form 'Answer: negative is [X] before 2024-03-29', where [X] is 'more common', 'less common', or 'the same frequency'."
oolong_standard_multilength_n120_slm_labeler_question_parsed_typed_20260713,715070063,32768,timeline,70017,TASK_TYPE.RELATIVE_FREQ,TASK_TYPE.RELATIVE_FREQ,True,ANSWER_TYPE.COMPARISON,ANSWER_TYPE.COMPARISON,True,same frequency as,same frequency as,1.0,0.00398277,438,381,0.869863,label_compare,filter_month;count_label;compare,,"For the following question, only consider the subset of instances that occur in December of any year. Among instances occuring in December, is label 'contradiction' more common, less common, or the same frequency as label 'entailment'? Give your final answer in the form 'Answer: contradiction is [X] entailment', where [X] is 'more common than', 'less common than', or 'same frequency as'."
oolong_standard_multilength_n120_slm_labeler_question_parsed_typed_20260713,215020064,32768,timeline,20017,TASK_TYPE.RELATIVE_FREQ,TASK_TYPE.RELATIVE_FREQ,True,ANSWER_TYPE.NUMERIC,ANSWER_TYPE.NUMERIC,True,15,15,1.0,0.00186576,81,80,0.987654,months_label_gt,group_month;count_months_label_gt,,"For how many months does the label 'positive' occur more frequently than the label 'negative'? Disregard months where there is a tie.  Give your final answer in the form 'Answer: [X]', where [X] is the number of months where 'positive' occurs more often than 'negative.'"
oolong_standard_multilength_n120_slm_labeler_question_parsed_typed_20260713,915090061,32768,timeline,90017,TASK_TYPE.MOST_FREQ,TASK_TYPE.MOST_FREQ,True,ANSWER_TYPE.LABEL,ANSWER_TYPE.LABEL,True,positive,positive,1.0,0.0041978399999999996,627,594,0.947368,label_most,filter_month;count_label;argmax,,"For the following question, only consider the subset of instances that occur in August of any year. Among instances occuring in August, which of the labels is the most common? Give your final answer in the form 'Label: answer' where answer is one of the labels: negative, positive."
oolong_standard_multilength_n120_slm_labeler_question_parsed_typed_20260713,215020040,32768,timeline,20016,TASK_TYPE.NUMERIC_ONE_CLASS,TASK_TYPE.NUMERIC_ONE_CLASS,True,ANSWER_TYPE.NUMERIC,ANSWER_TYPE.NUMERIC,True,5,5,1.0,0.0018963600000000001,81,79,0.975309,numeric_label_count,filter_date_range;filter_label;count,,"For the following question, only consider the subset of instances that occur between Jul 28, 2023 and Aug 02, 2024, inclusive. Among instances occuring in this date range, how many data points should be classified as label 'negative'? Give your final answer in the form 'Answer: number'."
oolong_standard_multilength_n120_slm_labeler_question_parsed_typed_20260713,415040037,32768,timeline,40016,TASK_TYPE.NUMERIC_ONE_CLASS,TASK_TYPE.NUMERIC_ONE_CLASS,True,ANSWER_TYPE.NUMERIC,ANSWER_TYPE.NUMERIC,True,34,30,0.3164,0.004289820000000001,683,548,0.802343,numeric_label_count,filter_month;filter_label;count,,"For the following question, only consider the subset of instances that occur in April of any year. Among instances occuring in April, how many data points should be classified as label 'False'? Give your final answer in the form 'Answer: number'."
oolong_standard_multilength_n120_slm_labeler_question_parsed_typed_20260713,915090034,32768,timeline,90016,TASK_TYPE.LEAST_FREQ,TASK_TYPE.LEAST_FREQ,True,ANSWER_TYPE.LABEL,ANSWER_TYPE.LABEL,True,positive,positive,1.0,0.004095,627,599,0.955343,label_least,filter_month;count_label;argmin,,"For the following question, only consider the subset of instances that occur in January of any year. Among instances occuring in January, which of the labels is the least common? Give your final answer in the form 'Label: answer' where answer is one of the labels: negative, positive."
oolong_standard_multilength_n120_slm_labeler_question_parsed_typed_20260713,715070039,32768,timeline,70016,TASK_TYPE.RELATIVE_FREQ,TASK_TYPE.RELATIVE_FREQ,True,ANSWER_TYPE.COMPARISON,ANSWER_TYPE.COMPARISON,True,more common,more common,1.0,0.0035622000000000006,438,402,0.917808,before_after_label_rate,split_before_after;compare_label_rates,,"In the above data, was label 'contradiction' more common, less common, or the same frequency before 2023-11-09, as compared to after 2023-11-09? Give your final answer in the form 'Answer: contradiction is [X] before 2023-11-09', where [X] is 'more common', 'less common', or 'the same frequency'."
oolong_standard_multilength_n120_slm_labeler_question_parsed_typed_20260713,615060061,32768,timeline,60017,TASK_TYPE.NUMERIC_ONE_CLASS,TASK_TYPE.NUMERIC_ONE_CLASS,True,ANSWER_TYPE.NUMERIC,ANSWER_TYPE.NUMERIC,True,27,25,0.5625,0.00402786,602,570,0.946844,numeric_label_count,filter_month;filter_label;count,,"For the following question, only consider the subset of instances that occur in February of any year. Among instances occuring in February, how many data points should be classified as label 'formal'? Give your final answer in the form 'Answer: number'."
oolong_standard_multilength_n120_slm_labeler_question_parsed_typed_20260713,616060065,65536,timeline,60019,TASK_TYPE.MOST_FREQ,TASK_TYPE.MOST_FREQ,True,ANSWER_TYPE.LABEL,ANSWER_TYPE.LABEL,True,formal,formal,1.0,0.0080061,1212,1156,0.953795,label_most,filter_date_range;count_label;argmax,,"For the following question, only consider the subset of instances that occur between Apr 10, 2023 and Aug 14, 2024, inclusive. Among instances occuring in this date range, which of the labels is the most common? Give your final answer in the form 'Label: answer' where answer is one of the labels: informal, formal."
oolong_standard_multilength_n120_slm_labeler_question_parsed_typed_20260713,316030042,65536,timeline,30018,TASK_TYPE.RELATIVE_FREQ,TASK_TYPE.RELATIVE_FREQ,True,ANSWER_TYPE.COMPARISON,ANSWER_TYPE.COMPARISON,True,more common,more common,1.0,0.0058287,687,649,0.944687,before_after_label_rate,split_before_after;compare_label_rates,,"In the above data, was label 'Sci/Tech' more common, less common, or the same frequency before 2022-09-28, as compared to after 2022-09-28? Give your final answer in the form 'Answer: Sci/Tech is [X] before 2022-09-28', where [X] is 'more common', 'less common', or 'the same frequency'."
oolong_standard_multilength_n120_slm_labeler_question_parsed_typed_20260713,916090061,65536,timeline,90019,TASK_TYPE.NUMERIC_ONE_CLASS,TASK_TYPE.NUMERIC_ONE_CLASS,True,ANSWER_TYPE.NUMERIC,ANSWER_TYPE.NUMERIC,True,58,60,0.5625,0.008299589999999999,1262,1215,0.962758,numeric_label_count,filter_month;filter_label;count,,"For the following question, only consider the subset of instances that occur in February of any year. Among instances occuring in February, how many data points should be classified as label 'positive'? Give your final answer in the form 'Answer: number'."
oolong_standard_multilength_n120_slm_labeler_question_parsed_typed_20260713,816080219,65536,timeline,80003,TASK_TYPE.REPRESENTED_N_TIMES,TASK_TYPE.REPRESENTED_N_TIMES,True,ANSWER_TYPE.NUMERIC,ANSWER_TYPE.NUMERIC,True,3,3,1.0,0.008307720000000001,1212,587,0.484323,represented_n,count_date;count_values_with_frequency_n,,"In the above data, how many dates are represented exactly 5 times? Give your final answer in the form 'Answer: [X]', where [X] is the number of dates represented exactly 5 times."
oolong_standard_multilength_n120_slm_labeler_question_parsed_typed_20260713,416040066,65536,timeline,40019,TASK_TYPE.LEAST_FREQ,TASK_TYPE.LEAST_FREQ,True,ANSWER_TYPE.LABEL,ANSWER_TYPE.LABEL,True,true,True,1.0,0.008657970000000001,1374,1120,0.815138,label_least,filter_date_range;count_label;argmin,,"For the following question, only consider the subset of instances that occur between Nov 09, 2022 and Jan 02, 2023, inclusive. Among instances occuring in this date range, which of the labels is the least common? Give your final answer in the form 'Label: answer' where answer is one of the labels: False, True."
oolong_standard_multilength_n120_slm_labeler_question_parsed_typed_20260713,416040036,65536,timeline,40018,TASK_TYPE.LEAST_FREQ,TASK_TYPE.LEAST_FREQ,True,ANSWER_TYPE.LABEL,ANSWER_TYPE.LABEL,True,true,True,1.0,0.008627069999999999,1374,1022,0.743814,label_least,filter_month;count_label;argmin,,"For the following question, only consider the subset of instances that occur in November of any year. Among instances occuring in November, which of the labels is the least common? Give your final answer in the form 'Label: answer' where answer is one of the labels: False, True."
oolong_standard_multilength_n120_slm_labeler_question_parsed_typed_20260713,716070041,65536,timeline,70018,TASK_TYPE.RELATIVE_FREQ,TASK_TYPE.RELATIVE_FREQ,True,ANSWER_TYPE.COMPARISON,ANSWER_TYPE.COMPARISON,True,less common,less common,1.0,0.00730566,883,788,0.892412,before_after_label_rate,split_before_after;compare_label_rates,,"In the above data, was label 'contradiction' more common, less common, or the same frequency before 2023-01-04, as compared to after 2023-01-04? Give your final answer in the form 'Answer: contradiction is [X] before 2023-01-04', where [X] is 'more common', 'less common', or 'the same frequency'."
oolong_standard_multilength_n120_slm_labeler_question_parsed_typed_20260713,216020042,65536,timeline,20018,TASK_TYPE.NUMERIC_ONE_CLASS,TASK_TYPE.NUMERIC_ONE_CLASS,True,ANSWER_TYPE.NUMERIC,ANSWER_TYPE.NUMERIC,True,32,31,0.75,0.00390693,164,161,0.981707,numeric_label_count,filter_date_range;filter_label;count,,"For the following question, only consider the subset of instances that occur between Oct 11, 2023 and Sep 23, 2024, inclusive. Among instances occuring in this date range, how many data points should be classified as label 'negative'? Give your final answer in the form 'Answer: number'."
oolong_standard_multilength_n120_slm_labeler_question_parsed_typed_20260713,417040039,131072,timeline,40021,TASK_TYPE.NUMERIC_ONE_CLASS,TASK_TYPE.NUMERIC_ONE_CLASS,True,ANSWER_TYPE.NUMERIC,ANSWER_TYPE.NUMERIC,True,133,98,0.0,0.01759011,2758,2082,0.754895,numeric_label_count,filter_month;filter_label;count,,"For the following question, only consider the subset of instances that occur in January of any year. Among instances occuring in January, how many data points should be classified as label 'False'? Give your final answer in the form 'Answer: number'."
oolong_standard_multilength_n120_slm_labeler_question_parsed_typed_20260713,317030070,131072,timeline,30022,TASK_TYPE.MOST_FREQ,TASK_TYPE.MOST_FREQ,True,ANSWER_TYPE.DATE,ANSWER_TYPE.DATE,True,"Mar 14, 2023",2023-03-14 00:00:00,1.0,0.01173729,1378,1283,0.93106,date_most,count_date;argmax,,"In the above data, which date is represented most often? Give your final answer in the form 'Date: [X]', where [X] is the date in the format MM/DD/YYYY."
oolong_standard_multilength_n120_slm_labeler_question_parsed_typed_20260713,917090060,131072,timeline,90022,TASK_TYPE.MOST_FREQ,TASK_TYPE.MOST_FREQ,True,ANSWER_TYPE.DATE,ANSWER_TYPE.DATE,True,"Jan 13, 2023",2023-01-13 00:00:00,1.0,0.01699368,2533,2380,0.939597,date_most,count_date;argmax,,"In the above data, which date is represented most often? Give your final answer in the form 'Date: [X]', where [X] is the date in the format MM/DD/YYYY."
oolong_standard_multilength_n120_slm_labeler_question_parsed_typed_20260713,617060035,131072,timeline,60021,TASK_TYPE.MOST_FREQ,TASK_TYPE.MOST_FREQ,True,ANSWER_TYPE.DATE,ANSWER_TYPE.DATE,True,"Dec 23, 2023",2023-12-23 00:00:00,1.0,0.015756179999999998,2433,2255,0.926839,date_most,count_date;argmax,,"In the above data, which date is represented most often? Give your final answer in the form 'Date: [X]', where [X] is the date in the format MM/DD/YYYY."
oolong_standard_multilength_n120_slm_labeler_question_parsed_typed_20260713,717070041,131072,timeline,70021,TASK_TYPE.MOST_FREQ,TASK_TYPE.MOST_FREQ,True,ANSWER_TYPE.LABEL,ANSWER_TYPE.LABEL,True,contradiction,contradiction,1.0,0.013934100000000001,1772,1573,0.887698,label_most,filter_month;count_label;argmax,,"For the following question, only consider the subset of instances that occur in July of any year. Among instances occuring in July, which of the labels is the most common? Give your final answer in the form 'Label: answer' where answer is one of the labels: neutral, contradiction, entailment."
oolong_standard_multilength_n120_slm_labeler_question_parsed_typed_20260713,217020038,131072,timeline,20021,TASK_TYPE.NUMERIC_ONE_CLASS,TASK_TYPE.NUMERIC_ONE_CLASS,True,ANSWER_TYPE.NUMERIC,ANSWER_TYPE.NUMERIC,True,17,16,0.75,0.0075474900000000004,330,164,0.49697,numeric_label_count,filter_month;filter_label;count,,"For the following question, only consider the subset of instances that occur in August of any year. Among instances occuring in August, how many data points should be classified as label 'positive'? Give your final answer in the form 'Answer: number'."
oolong_standard_multilength_n120_slm_labeler_question_parsed_typed_20260713,417040061,131072,timeline,40022,TASK_TYPE.MOST_FREQ,TASK_TYPE.MOST_FREQ,True,ANSWER_TYPE.LABEL,ANSWER_TYPE.LABEL,True,false,False,1.0,0.01733169,2758,2105,0.763234,label_most,filter_month;count_label;argmax,,"For the following question, only consider the subset of instances that occur in June of any year. Among instances occuring in June, which of the labels is the most common? Give your final answer in the form 'Label: answer' where answer is one of the labels: False, True."
oolong_standard_multilength_n120_slm_labeler_question_parsed_typed_20260713,817080227,131072,timeline,80008,TASK_TYPE.MOST_FREQ,TASK_TYPE.MOST_FREQ,True,ANSWER_TYPE.LABEL,ANSWER_TYPE.LABEL,True,incorrect,incorrect,1.0,0.016221119999999995,2433,1885,0.774764,label_most,filter_month;count_label;argmax,,"For the following question, only consider the subset of instances that occur in June of any year. Among instances occuring in June, which of the labels is the most common? Give your final answer in the form 'Label: answer' where answer is one of the labels: incorrect, correct."
oolong_standard_multilength_n120_slm_labeler_question_parsed_typed_20260713,213020019,8192,user,20009,TASK_TYPE.RELATIVE_FREQ,TASK_TYPE.RELATIVE_FREQ,True,ANSWER_TYPE.USER,ANSWER_TYPE.USER,True,13989,13989,1.0,0.00036264,19,10,0.526316,user_pair_compare,filter_label;compare_named_user_counts,,"In the above data, which user has more instances with the label positive: User 13989 or User 19283? Give your final answer in the form 'User: [X]', where [X] is the user ID."
oolong_standard_multilength_n120_slm_labeler_question_parsed_typed_20260713,813080041,8192,user,80010,TASK_TYPE.MOST_FREQ,TASK_TYPE.MOST_FREQ,True,ANSWER_TYPE.LABEL,ANSWER_TYPE.LABEL,True,incorrect,incorrect,1.0,0.00097338,144,106,0.736111,label_most,filter_user_subset;count_label;argmax,,"For the following question, only consider the subset of instances that are associated with user IDs 36061. Among instances associated with these users, which of the labels is the most common? Give your final answer in the form 'Label: answer' where answer is one of the labels: incorrect, correct."
oolong_standard_multilength_n120_slm_labeler_question_parsed_typed_20260713,913090046,8192,user,90010,TASK_TYPE.RELATIVE_FREQ,TASK_TYPE.RELATIVE_FREQ,True,ANSWER_TYPE.USER,ANSWER_TYPE.USER,True,48036,48036,1.0,0.00099351,150,145,0.966667,user_pair_compare,filter_label;compare_named_user_counts,,"In the above data, which user has more instances with the label positive: User 48036 or User 72023? Give your final answer in the form 'User: [X]', where [X] is the user ID."
oolong_standard_multilength_n120_slm_labeler_question_parsed_typed_20260713,413040047,8192,user,40010,TASK_TYPE.MOST_FREQ,TASK_TYPE.MOST_FREQ,True,ANSWER_TYPE.USER,ANSWER_TYPE.USER,True,62494,78734,0.0,0.0010341299999999999,164,125,0.762195,user_by_label,filter_label;arg_user_by_count,,"In the above data, which user has the most instances with the label True? Give your final answer in the form 'User: [X]', where [X] is the user ID."
oolong_standard_multilength_n120_slm_labeler_question_parsed_typed_20260713,613060045,8192,user,60010,TASK_TYPE.MOST_FREQ,TASK_TYPE.MOST_FREQ,True,ANSWER_TYPE.USER,ANSWER_TYPE.USER,True,61451,27326,0.0,0.00107127,144,135,0.9375,user_by_label,filter_label;arg_user_by_count,,"In the above data, which user has the most instances with the label formal? Give your final answer in the form 'User: [X]', where [X] is the user ID."
oolong_standard_multilength_n120_slm_labeler_question_parsed_typed_20260713,213020044,8192,user,20010,TASK_TYPE.RELATIVE_FREQ,TASK_TYPE.RELATIVE_FREQ,True,ANSWER_TYPE.USER,ANSWER_TYPE.USER,True,71237,71237,1.0,0.0003783,19,18,0.947368,user_pair_compare,filter_label;compare_named_user_counts,,"In the above data, which user has more instances with the label negative: User 71237 or User 93911? Give your final answer in the form 'User: [X]', where [X] is the user ID."
oolong_standard_multilength_n120_slm_labeler_question_parsed_typed_20260713,413040018,8192,user,40009,TASK_TYPE.MOST_FREQ,TASK_TYPE.MOST_FREQ,True,ANSWER_TYPE.USER,ANSWER_TYPE.USER,True,88675,88675,1.0,0.00103833,164,122,0.743902,user_by_label,filter_label;arg_user_by_count,,"In the above data, which user has the most instances with the label True? Give your final answer in the form 'User: [X]', where [X] is the user ID."
oolong_standard_multilength_n120_slm_labeler_question_parsed_typed_20260713,613060014,8192,user,60009,TASK_TYPE.MOST_FREQ,TASK_TYPE.MOST_FREQ,True,ANSWER_TYPE.USER,ANSWER_TYPE.USER,True,28828,28828,1.0,0.00095532,144,135,0.9375,user_most,count_user;argmax,,"In the above data, which user is represented most often? Give your final answer in the form 'User: [X]', where [X] is the user ID."
oolong_standard_multilength_n120_slm_labeler_question_parsed_typed_20260713,314030056,16384,user,30013,TASK_TYPE.NUMERIC_ONE_CLASS,TASK_TYPE.NUMERIC_ONE_CLASS,True,ANSWER_TYPE.NUMERIC,ANSWER_TYPE.NUMERIC,True,1,1,1.0,0.00142887,168,161,0.958333,numeric_label_count,filter_user_subset;filter_label;count,,"For the following question, only consider the subset of instances that are associated with user IDs 68155. Among instances associated with these users, how many data points should be classified as label 'World'? Give your final answer in the form 'Answer: number'."
oolong_standard_multilength_n120_slm_labeler_question_parsed_typed_20260713,714070023,16384,user,70012,TASK_TYPE.NUMERIC_ONE_CLASS,TASK_TYPE.NUMERIC_ONE_CLASS,True,ANSWER_TYPE.NUMERIC,ANSWER_TYPE.NUMERIC,True,1,1,1.0,0.0017928000000000002,216,190,0.87963,numeric_label_count,filter_user_subset;filter_label;count,,"For the following question, only consider the subset of instances that are associated with user IDs 96672. Among instances associated with these users, how many data points should be classified as label 'neutral'? Give your final answer in the form 'Answer: number'."
oolong_standard_multilength_n120_slm_labeler_question_parsed_typed_20260713,814080017,16384,user,80012,TASK_TYPE.MOST_FREQ,TASK_TYPE.MOST_FREQ,True,ANSWER_TYPE.USER,ANSWER_TYPE.USER,True,10226,10226,1.0,0.0019950600000000003,296,126,0.425676,user_most,count_user;argmax,,"In the above data, which user is represented most often? Give your final answer in the form 'User: [X]', where [X] is the user ID."
oolong_standard_multilength_n120_slm_labeler_question_parsed_typed_20260713,214020046,16384,user,20013,TASK_TYPE.NUMERIC_ONE_CLASS,TASK_TYPE.NUMERIC_ONE_CLASS,True,ANSWER_TYPE.NUMERIC,ANSWER_TYPE.NUMERIC,True,4,3,0.75,0.00105366,40,18,0.45,numeric_label_count,filter_user_subset;filter_label;count,,"For the following question, only consider the subset of instances that are associated with user IDs 94784. Among instances associated with these users, how many data points should be classified as label 'positive'? Give your final answer in the form 'Answer: number'."
oolong_standard_multilength_n120_slm_labeler_question_parsed_typed_20260713,914090017,16384,user,90012,TASK_TYPE.MOST_FREQ,TASK_TYPE.MOST_FREQ,True,ANSWER_TYPE.LABEL,ANSWER_TYPE.LABEL,True,positive,positive,1.0,0.00213015,309,299,0.967638,label_most,filter_user_subset;count_label;argmax,,"For the following question, only consider the subset of instances that are associated with user IDs 78651. Among instances associated with these users, which of the labels is the most common? Give your final answer in the form 'Label: answer' where answer is one of the labels: positive, negative."
oolong_standard_multilength_n120_slm_labeler_question_parsed_typed_20260713,414040041,16384,user,40013,TASK_TYPE.LEAST_FREQ,TASK_TYPE.LEAST_FREQ,True,ANSWER_TYPE.LABEL,ANSWER_TYPE.LABEL,True,false,False,1.0,0.0021192,337,249,0.738872,label_least,filter_user_subset;count_label;argmin,,"For the following question, only consider the subset of instances that are associated with user IDs 69440. Among instances associated with these users, which of the labels is the least common? Give your final answer in the form 'Label: answer' where answer is one of the labels: False."
oolong_standard_multilength_n120_slm_labeler_question_parsed_typed_20260713,614060026,16384,user,60012,TASK_TYPE.RELATIVE_FREQ,TASK_TYPE.RELATIVE_FREQ,True,ANSWER_TYPE.USER,ANSWER_TYPE.USER,True,18982,18982,1.0,0.00193989,297,276,0.929293,user_pair_compare,filter_label;compare_named_user_counts,,"In the above data, which user has more instances with the label formal: User 18982 or User 14018? Give your final answer in the form 'User: [X]', where [X] is the user ID."
oolong_standard_multilength_n120_slm_labeler_question_parsed_typed_20260713,914090049,16384,user,90013,TASK_TYPE.RELATIVE_FREQ,TASK_TYPE.RELATIVE_FREQ,True,ANSWER_TYPE.USER,ANSWER_TYPE.USER,True,64455,64455,1.0,0.00208392,309,291,0.941748,user_pair_compare,filter_label;compare_named_user_counts,,"In the above data, which user has more instances with the label positive: User 64455 or User 12068? Give your final answer in the form 'User: [X]', where [X] is the user ID."
oolong_standard_multilength_n120_slm_labeler_question_parsed_typed_20260713,915090049,32768,user,90017,TASK_TYPE.LEAST_FREQ,TASK_TYPE.LEAST_FREQ,True,ANSWER_TYPE.LABEL,ANSWER_TYPE.LABEL,True,negative,negative,1.0,0.00472737,627,595,0.948963,label_least,filter_user_subset;count_label;argmin,,"For the following question, only consider the subset of instances that are associated with user IDs 93780. Among instances associated with these users, which of the labels is the least common? Give your final answer in the form 'Label: answer' where answer is one of the labels: positive, negative."
oolong_standard_multilength_n120_slm_labeler_question_parsed_typed_20260713,215020045,32768,user,20017,TASK_TYPE.LEAST_FREQ,TASK_TYPE.LEAST_FREQ,True,ANSWER_TYPE.LABEL,ANSWER_TYPE.LABEL,True,negative,negative,1.0,0.00187884,81,40,0.493827,label_least,filter_user_subset;count_label;argmin,,"For the following question, only consider the subset of instances that are associated with user IDs 47913. Among instances associated with these users, which of the labels is the least common? Give your final answer in the form 'Label: answer' where answer is one of the labels: negative."
oolong_standard_multilength_n120_slm_labeler_question_parsed_typed_20260713,615060049,32768,user,60017,TASK_TYPE.NUMERIC_ONE_CLASS,TASK_TYPE.NUMERIC_ONE_CLASS,True,ANSWER_TYPE.NUMERIC,ANSWER_TYPE.NUMERIC,True,5,6,0.75,0.00402783,602,563,0.935216,numeric_label_count,filter_user_subset;filter_label;count,,"For the following question, only consider the subset of instances that are associated with user IDs 59325. Among instances associated with these users, how many data points should be classified as label 'informal'? Give your final answer in the form 'Answer: number'."
oolong_standard_multilength_n120_slm_labeler_question_parsed_typed_20260713,815080210,32768,user,80000,TASK_TYPE.RELATIVE_FREQ,TASK_TYPE.RELATIVE_FREQ,True,ANSWER_TYPE.USER,ANSWER_TYPE.USER,True,18227,18227,1.0,0.00413589,602,137,0.227575,user_pair_compare,filter_label;compare_named_user_counts,,"In the above data, which user has more instances with the label incorrect: User 18227 or User 95379? Give your final answer in the form 'User: [X]', where [X] is the user ID."
oolong_standard_multilength_n120_slm_labeler_question_parsed_typed_20260713,615060024,32768,user,60016,TASK_TYPE.NUMERIC_ONE_CLASS,TASK_TYPE.NUMERIC_ONE_CLASS,True,ANSWER_TYPE.NUMERIC,ANSWER_TYPE.NUMERIC,True,5,4,0.75,0.0040506000000000006,602,578,0.960133,numeric_label_count,filter_user_subset;filter_label;count,,"For the following question, only consider the subset of instances that are associated with user IDs 94205. Among instances associated with these users, how many data points should be classified as label 'formal'? Give your final answer in the form 'Answer: number'."
oolong_standard_multilength_n120_slm_labeler_question_parsed_typed_20260713,915090021,32768,user,90016,TASK_TYPE.MOST_FREQ,TASK_TYPE.MOST_FREQ,True,ANSWER_TYPE.USER,ANSWER_TYPE.USER,True,13447,13447,1.0,0.00407946,627,595,0.948963,user_most,count_user;argmax,,"In the above data, which user is represented most often? Give your final answer in the form 'User: [X]', where [X] is the user ID."
oolong_standard_multilength_n120_slm_labeler_question_parsed_typed_20260713,815080232,32768,user,80001,TASK_TYPE.LEAST_FREQ,TASK_TYPE.LEAST_FREQ,True,ANSWER_TYPE.LABEL,ANSWER_TYPE.LABEL,True,incorrect,incorrect,1.0,0.0041472,602,492,0.817276,label_least,filter_user_subset;count_label;argmin,,"For the following question, only consider the subset of instances that are associated with user IDs 72134. Among instances associated with these users, which of the labels is the least common? Give your final answer in the form 'Label: answer' where answer is one of the labels: incorrect, correct."
oolong_standard_multilength_n120_slm_labeler_question_parsed_typed_20260713,315030053,32768,user,30017,TASK_TYPE.MOST_FREQ,TASK_TYPE.MOST_FREQ,True,ANSWER_TYPE.USER,ANSWER_TYPE.USER,True,45089,45089,1.0,0.0029197199999999998,341,322,0.944282,user_most,count_user;argmax,,"In the above data, which user is represented most often? Give your final answer in the form 'User: [X]', where [X] is the user ID."
oolong_standard_multilength_n120_slm_labeler_question_parsed_typed_20260713,616060049,65536,user,60019,TASK_TYPE.SECOND_MOST_FREQ,TASK_TYPE.SECOND_MOST_FREQ,True,ANSWER_TYPE.USER,ANSWER_TYPE.USER,True,94958,94958,1.0,0.00795813,1212,1163,0.959571,user_second_most,count_user;second_argmax,,"In the above data, which user is represented the second most often? Give your final answer in the form 'User: [X]', where [X] is the user ID."
oolong_standard_multilength_n120_slm_labeler_question_parsed_typed_20260713,216020051,65536,user,20019,TASK_TYPE.NUMERIC_ONE_CLASS,TASK_TYPE.NUMERIC_ONE_CLASS,True,ANSWER_TYPE.NUMERIC,ANSWER_TYPE.NUMERIC,True,4,4,1.0,0.0039034200000000003,164,81,0.493902,numeric_label_count,filter_user_subset;filter_label;count,,"For the following question, only consider the subset of instances that are associated with user IDs 55683. Among instances associated with these users, how many data points should be classified as label 'positive'? Give your final answer in the form 'Answer: number'."
oolong_standard_multilength_n120_slm_labeler_question_parsed_typed_20260713,816080231,65536,user,80004,TASK_TYPE.MOST_FREQ,TASK_TYPE.MOST_FREQ,True,ANSWER_TYPE.USER,ANSWER_TYPE.USER,True,28835,28835,1.0,0.008201400000000001,1212,544,0.448845,user_most,count_user;argmax,,"In the above data, which user is represented most often? Give your final answer in the form 'User: [X]', where [X] is the user ID."
oolong_standard_multilength_n120_slm_labeler_question_parsed_typed_20260713,716070052,65536,user,70019,TASK_TYPE.MOST_FREQ,TASK_TYPE.MOST_FREQ,True,ANSWER_TYPE.LABEL,ANSWER_TYPE.LABEL,True,contradiction,contradiction,1.0,0.0071546100000000005,883,753,0.852775,label_most,filter_user_subset;count_label;argmax,,"For the following question, only consider the subset of instances that are associated with user IDs 92067. Among instances associated with these users, which of the labels is the most common? Give your final answer in the form 'Label: answer' where answer is one of the labels: neutral, contradiction, entailment."
oolong_standard_multilength_n120_slm_labeler_question_parsed_typed_20260713,716070036,65536,user,70018,TASK_TYPE.MOST_FREQ,TASK_TYPE.MOST_FREQ,True,ANSWER_TYPE.USER,ANSWER_TYPE.USER,True,89217,26640,0.0,0.00791685,883,796,0.901472,user_by_label,filter_label;arg_user_by_count,,"In the above data, which user has the most instances with the label entailment? Give your final answer in the form 'User: [X]', where [X] is the user ID."
oolong_standard_multilength_n120_slm_labeler_question_parsed_typed_20260713,816080211,65536,user,80003,TASK_TYPE.RELATIVE_FREQ,TASK_TYPE.RELATIVE_FREQ,True,ANSWER_TYPE.COMPARISON,ANSWER_TYPE.COMPARISON,True,less common than,less common than,1.0,0.00817302,1212,1094,0.90264,label_compare,filter_user_subset;count_label;compare,,"For the following question, only consider the subset of instances that are associated with user IDs 47197. Among instances associated with these users, is label 'correct' more common, less common, or the same frequency as label 'incorrect'? Give your final answer in the form 'Answer: correct is [X] incorrect', where [X] is 'more common than', 'less common than', or 'same frequency as'."
oolong_standard_multilength_n120_slm_labeler_question_parsed_typed_20260713,616060025,65536,user,60018,TASK_TYPE.LEAST_FREQ,TASK_TYPE.LEAST_FREQ,True,ANSWER_TYPE.LABEL,ANSWER_TYPE.LABEL,True,informal,formal,0.0,0.0083631,1212,1121,0.924917,label_least,filter_user_subset;count_label;argmin,,"For the following question, only consider the subset of instances that are associated with user IDs 27173. Among instances associated with these users, which of the labels is the least common? Give your final answer in the form 'Label: answer' where answer is one of the labels: formal, informal."
oolong_standard_multilength_n120_slm_labeler_question_parsed_typed_20260713,916090022,65536,user,90018,TASK_TYPE.MOST_FREQ,TASK_TYPE.MOST_FREQ,True,ANSWER_TYPE.LABEL,ANSWER_TYPE.LABEL,True,positive,negative,0.0,0.009647369999999999,1262,1206,0.955626,label_most,filter_user_subset;count_label;argmax,,"For the following question, only consider the subset of instances that are associated with user IDs 92376. Among instances associated with these users, which of the labels is the most common? Give your final answer in the form 'Label: answer' where answer is one of the labels: negative, positive."
oolong_standard_multilength_n120_slm_labeler_question_parsed_typed_20260713,917090031,131072,user,90021,TASK_TYPE.NUMERIC_ONE_CLASS,TASK_TYPE.NUMERIC_ONE_CLASS,True,ANSWER_TYPE.NUMERIC,ANSWER_TYPE.NUMERIC,True,10,10,1.0,0.01663464,2533,2429,0.958942,numeric_label_count,filter_user_subset;filter_label;count,,"For the following question, only consider the subset of instances that are associated with user IDs 31109. Among instances associated with these users, how many data points should be classified as label 'positive'? Give your final answer in the form 'Answer: number'."
oolong_standard_multilength_n120_slm_labeler_question_parsed_typed_20260713,717070060,131072,user,70022,TASK_TYPE.RELATIVE_FREQ,TASK_TYPE.RELATIVE_FREQ,True,ANSWER_TYPE.USER,ANSWER_TYPE.USER,True,73197,73197,1.0,0.01391835,1772,1550,0.874718,user_pair_compare,filter_label;compare_named_user_counts,,"In the above data, which user has more instances with the label entailment: User 73197 or User 69294? Give your final answer in the form 'User: [X]', where [X] is the user ID."
oolong_standard_multilength_n120_slm_labeler_question_parsed_typed_20260713,217020056,131072,user,20022,TASK_TYPE.MOST_FREQ,TASK_TYPE.MOST_FREQ,True,ANSWER_TYPE.USER,ANSWER_TYPE.USER,True,28749,28749,1.0,0.00811767,330,195,0.590909,user_by_label,filter_label;arg_user_by_count,,"In the above data, which user has the most instances with the label positive? Give your final answer in the form 'User: [X]', where [X] is the user ID."
oolong_standard_multilength_n120_slm_labeler_question_parsed_typed_20260713,317030038,131072,user,30021,TASK_TYPE.RELATIVE_FREQ,TASK_TYPE.RELATIVE_FREQ,True,ANSWER_TYPE.COMPARISON,ANSWER_TYPE.COMPARISON,True,same frequency as,more common than,0.0,0.011964149999999998,1378,1211,0.87881,label_compare,filter_user_subset;count_label;compare,,"For the following question, only consider the subset of instances that are associated with user IDs 40261. Among instances associated with these users, is label 'Sci/Tech' more common, less common, or the same frequency as label 'Sports'? Give your final answer in the form 'Answer: Sci/Tech is [X] Sports', where [X] is 'more common than', 'less common than', or 'same frequency as'."
oolong_standard_multilength_n120_slm_labeler_question_parsed_typed_20260713,717070028,131072,user,70021,TASK_TYPE.LEAST_FREQ,TASK_TYPE.LEAST_FREQ,True,ANSWER_TYPE.LABEL,ANSWER_TYPE.LABEL,True,neutral,entailment,0.0,0.01487679,1772,1574,0.888262,label_least,filter_user_subset;count_label;argmin,,"For the following question, only consider the subset of instances that are associated with user IDs 41076. Among instances associated with these users, which of the labels is the least common? Give your final answer in the form 'Label: answer' where answer is one of the labels: contradiction, neutral, entailment."
oolong_standard_multilength_n120_slm_labeler_question_parsed_typed_20260713,617060027,131072,user,60021,TASK_TYPE.LEAST_FREQ,TASK_TYPE.LEAST_FREQ,True,ANSWER_TYPE.LABEL,ANSWER_TYPE.LABEL,True,informal,formal,0.0,0.018251190000000004,2433,2269,0.932594,label_least,filter_user_subset;count_label;argmin,,"For the following question, only consider the subset of instances that are associated with user IDs 80154. Among instances associated with these users, which of the labels is the least common? Give your final answer in the form 'Label: answer' where answer is one of the labels: formal, informal."
oolong_standard_multilength_n120_slm_labeler_question_parsed_typed_20260713,617060054,131072,user,60022,TASK_TYPE.MOST_FREQ,TASK_TYPE.MOST_FREQ,True,ANSWER_TYPE.USER,ANSWER_TYPE.USER,True,43149,43149,1.0,0.015957840000000004,2433,2302,0.946157,user_by_label,filter_label;arg_user_by_count,,"In the above data, which user has the most instances with the label informal? Give your final answer in the form 'User: [X]', where [X] is the user ID."
oolong_standard_multilength_n120_slm_labeler_question_parsed_typed_20260713,217020029,131072,user,20021,TASK_TYPE.NUMERIC_ONE_CLASS,TASK_TYPE.NUMERIC_ONE_CLASS,True,ANSWER_TYPE.NUMERIC,ANSWER_TYPE.NUMERIC,True,4,4,1.0,0.0075486,330,164,0.49697,numeric_label_count,filter_user_subset;filter_label;count,,"For the following question, only consider the subset of instances that are associated with user IDs 51669. Among instances associated with these users, how many data points should be classified as label 'positive'? Give your final answer in the form 'Answer: number'."
