example_id,task_group,context_len,task,answer_type,gold,slm_exact,direct_exact,original_rlm_exact,repeat_rlm_exact,rlm_exact_pair,original_rlm_prediction,repeat_rlm_prediction,repeat_rlm_error,question
210020009,counting,1024,TASK_TYPE.NUMERIC_ONE_CLASS,ANSWER_TYPE.NUMERIC,1,1,1,1,0,10,1,0,,"In the above data, how many data points should be classified as label 'negative'? Give your final answer in the form 'Answer: number'."
210020017,timeline,1024,TASK_TYPE.MOST_FREQ,ANSWER_TYPE.DATE,2023-06-29 00:00:00,1,1,1,1,11,06/29/2023,06/29/2023,,"In the above data, which date is represented most often? Give your final answer in the form 'Date: [X]', where [X] is the date in the format MM/DD/YYYY."
210020029,timeline,1024,TASK_TYPE.MOST_FREQ,ANSWER_TYPE.DATE,2025-03-03 00:00:00,1,1,1,0,10,03/03/2025,No dates found,,"In the above data, which date is represented most often? Give your final answer in the form 'Date: [X]', where [X] is the date in the format MM/DD/YYYY."
210020033,counting,1024,TASK_TYPE.NUMERIC_ONE_CLASS,ANSWER_TYPE.NUMERIC,0,1,1,1,0,10,0,2,,"In the above data, how many data points should be classified as label 'negative'? Give your final answer in the form 'Answer: number'."
212020028,timeline,4096,TASK_TYPE.NUMERIC_ONE_CLASS,ANSWER_TYPE.NUMERIC,2,1,0,0,1,01,0,2,,"For the following question, only consider the subset of instances that occur between Dec 20, 2022 and Sep 10, 2024, inclusive. Among instances occuring in this date range, how many data points should be classified as label 'positive'? Give your final answer in the form 'Answer: number'."
218020026,counting,262144,TASK_TYPE.RELATIVE_FREQ,ANSWER_TYPE.COMPARISON,more common than,1,1,1,0,10,more common than,same frequency as,,"In the above data, is label 'negative' more common, less common, or the same frequency as label 'positive'? Give your final answer in the form 'Answer: negative is [X] positive', where [X] is 'more common than', 'less common than', or 'same frequency as'."
218020038,timeline,262144,TASK_TYPE.MOST_FREQ,ANSWER_TYPE.DATE,2024-12-06 00:00:00,1,0,0,1,01,02/28/2025,12/06/2024,,"In the above data, which date is represented most often? Give your final answer in the form 'Date: [X]', where [X] is the date in the format MM/DD/YYYY."
218020053,counting,262144,TASK_TYPE.NUMERIC_ONE_CLASS,ANSWER_TYPE.NUMERIC,387,0,0,0,0,00,203,293,,"In the above data, how many data points should be classified as label 'positive'? Give your final answer in the form 'Answer: number'."
218020061,user,262144,TASK_TYPE.MOST_FREQ,ANSWER_TYPE.USER,39309,1,0,0,0,00,No positive instances found.,Error: No positive instances found or all results corrupted.,,"In the above data, which user has the most instances with the label positive? Give your final answer in the form 'User: [X]', where [X] is the user ID."
310030013,user,1024,TASK_TYPE.LEAST_FREQ,ANSWER_TYPE.LABEL,Business,1,1,1,0,10,Business,No instances found for User ID 29633,,"For the following question, only consider the subset of instances that are associated with user IDs 29633. Among instances associated with these users, which of the labels is the least common? Give your final answer in the form 'Label: answer' where answer is one of the labels: Business."
310030048,timeline,1024,TASK_TYPE.RELATIVE_FREQ,ANSWER_TYPE.COMPARISON,more common,1,0,0,0,00,same frequency,same frequency,,"In the above data, was label 'Sports' more common, less common, or the same frequency before 2024-02-06, as compared to after 2024-02-06? Give your final answer in the form 'Answer: Sports is [X] before 2024-02-06', where [X] is 'more common', 'less common', or 'the same frequency'."
312030020,user,4096,TASK_TYPE.MOST_FREQ,ANSWER_TYPE.USER,16226,1,0,1,1,11,16226,16226,,"In the above data, which user is represented most often? Give your final answer in the form 'User: [X]', where [X] is the user ID."
312030051,user,4096,TASK_TYPE.RELATIVE_FREQ,ANSWER_TYPE.USER,22165,1,1,1,1,11,22165,22165,,"In the above data, which user has more instances with the label Sports: User 22165 or User 60374? Give your final answer in the form 'User: [X]', where [X] is the user ID."
318030064,user,262144,TASK_TYPE.RELATIVE_FREQ,ANSWER_TYPE.COMPARISON,more common than,1,0,1,0,10,more common than,same frequency as,,"For the following question, only consider the subset of instances that are associated with user IDs 15666. Among instances associated with these users, is label 'World' more common, less common, or the same frequency as label 'Sports'? Give your final answer in the form 'Answer: World is [X] Sports', where [X] is 'more common than', 'less common than', or 'same frequency as'."
410040003,counting,1024,TASK_TYPE.NUMERIC_ONE_CLASS,ANSWER_TYPE.NUMERIC,11,1,0,0,1,01,0,11,,"In the above data, how many data points should be classified as label 'False'? Give your final answer in the form 'Answer: number'."
410040038,user,1024,TASK_TYPE.RELATIVE_FREQ,ANSWER_TYPE.USER,91546,1,1,1,1,11,91546,91546,,"In the above data, which user has more instances with the label False: User 91546 or User 73166? Give your final answer in the form 'User: [X]', where [X] is the user ID."
410040043,timeline,1024,TASK_TYPE.LEAST_FREQ,ANSWER_TYPE.LABEL,False,0,0,0,1,01,True,False,,"For the following question, only consider the subset of instances that occur in February of any year. Among instances occuring in February, which of the labels is the least common? Give your final answer in the form 'Label: answer' where answer is one of the labels: False."
412040009,counting,4096,TASK_TYPE.LEAST_FREQ,ANSWER_TYPE.LABEL,True,1,1,0,0,00,False,False,,"In the above data, which of the labels is the least common? Give your final answer in the form 'Label: answer' where answer is one of the labels: True, False."
412040041,user,4096,TASK_TYPE.MOST_FREQ,ANSWER_TYPE.USER,28140,0,0,1,1,11,28140,28140,,"In the above data, which user has the most instances with the label True? Give your final answer in the form 'User: [X]', where [X] is the user ID."
412040047,timeline,4096,TASK_TYPE.MOST_FREQ,ANSWER_TYPE.LABEL,True,0,0,0,0,00,"Cannot determine the most common label because the provided context does not contain explicit 'True' or 'False' labels for each instance, nor does it contain the 'date,label' CSV data that was initially presented.",False,,"For the following question, only consider the subset of instances that occur in September of any year. Among instances occuring in September, which of the labels is the most common? Give your final answer in the form 'Label: answer' where answer is one of the labels: False, True."
418040032,user,262144,TASK_TYPE.LEAST_FREQ,ANSWER_TYPE.LABEL,True,1,1,1,1,11,True,True,,"For the following question, only consider the subset of instances that are associated with user IDs 77373. Among instances associated with these users, which of the labels is the least common? Give your final answer in the form 'Label: answer' where answer is one of the labels: True, False."
418040042,timeline,262144,TASK_TYPE.RELATIVE_FREQ,ANSWER_TYPE.COMPARISON,more common than,1,1,1,0,10,more common than,,TimeoutError: rlm timed out after 360s on example 418040042,"For the following question, only consider the subset of instances that occur in May of any year. Among instances occuring in May, is label 'False' more common, less common, or the same frequency as label 'True'? Give your final answer in the form 'Answer: False is [X] True', where [X] is 'more common than', 'less common than', or 'same frequency as'."
418040058,user,262144,TASK_TYPE.NUMERIC_ONE_CLASS,ANSWER_TYPE.NUMERIC,12,0,0,0,0,00,5,,TimeoutError: rlm timed out after 360s on example 418040058,"For the following question, only consider the subset of instances that are associated with user IDs 34757. Among instances associated with these users, how many data points should be classified as label 'True'? Give your final answer in the form 'Answer: number'."
418040063,timeline,262144,TASK_TYPE.MOST_FREQ,ANSWER_TYPE.LABEL,True,1,0,1,0,10,True,Do not output anything else.,,"For the following question, only consider the subset of instances that occur in June of any year. Among instances occuring in June, which of the labels is the most common? Give your final answer in the form 'Label: answer' where answer is one of the labels: True, False."
512050034,counting,4096,TASK_TYPE.RELATIVE_FREQ,ANSWER_TYPE.COMPARISON,more common than,1,0,0,0,00,same frequency as,same frequency as,,"In the above data, is label 'Entertainment & Music' more common, less common, or the same frequency as label 'Education & Reference'? Give your final answer in the form 'Answer: Entertainment & Music is [X] Education & Reference', where [X] is 'more common than', 'less common than', or 'same frequency as'."
610060037,user,1024,TASK_TYPE.NUMERIC_ONE_CLASS,ANSWER_TYPE.NUMERIC,1,1,1,1,1,11,1,1,,"For the following question, only consider the subset of instances that are associated with user IDs 18026. Among instances associated with these users, how many data points should be classified as label 'informal'? Give your final answer in the form 'Answer: number'."
612060011,counting,4096,TASK_TYPE.NUMERIC_ONE_CLASS,ANSWER_TYPE.NUMERIC,46,0,0,0,0,00,3,45,,"In the above data, how many data points should be classified as label 'informal'? Give your final answer in the form 'Answer: number'."
612060022,timeline,4096,TASK_TYPE.RELATIVE_FREQ,ANSWER_TYPE.COMPARISON,more common,1,0,1,1,11,more common,more common,,"In the above data, was label 'formal' more common, less common, or the same frequency before 2024-04-29, as compared to after 2024-04-29? Give your final answer in the form 'Answer: formal is [X] before 2024-04-29', where [X] is 'more common', 'less common', or 'the same frequency'."
612060046,timeline,4096,TASK_TYPE.RELATIVE_FREQ,ANSWER_TYPE.COMPARISON,less common,1,1,1,1,11,less common,less common,,"In the above data, was label 'formal' more common, less common, or the same frequency before 2023-11-29, as compared to after 2023-11-29? Give your final answer in the form 'Answer: formal is [X] before 2023-11-29', where [X] is 'more common', 'less common', or 'the same frequency'."
618060051,counting,262144,TASK_TYPE.RELATIVE_FREQ,ANSWER_TYPE.COMPARISON,less common than,1,0,0,0,00,same frequency as,more common than,,"In the above data, is label 'informal' more common, less common, or the same frequency as label 'formal'? Give your final answer in the form 'Answer: informal is [X] formal', where [X] is 'more common than', 'less common than', or 'same frequency as'."
618060211,user,262144,TASK_TYPE.NUMERIC_ONE_CLASS,ANSWER_TYPE.NUMERIC,20,1,1,1,0,10,20,19,,"For the following question, only consider the subset of instances that are associated with user IDs 69755. Among instances associated with these users, how many data points should be classified as label 'informal'? Give your final answer in the form 'Answer: number'."
710070007,counting,1024,TASK_TYPE.NUMERIC_ONE_CLASS,ANSWER_TYPE.NUMERIC,2,1,1,1,1,11,2,2,,"In the above data, how many data points should be classified as label 'entailment'? Give your final answer in the form 'Answer: number'."
710070014,user,1024,TASK_TYPE.NUMERIC_ONE_CLASS,ANSWER_TYPE.NUMERIC,2,1,0,1,1,11,2,2,,"For the following question, only consider the subset of instances that are associated with user IDs 57396. Among instances associated with these users, how many data points should be classified as label 'entailment'? Give your final answer in the form 'Answer: number'."
710070026,counting,1024,TASK_TYPE.LEAST_FREQ,ANSWER_TYPE.LABEL,neutral,0,1,1,0,10,neutral,contradiction,,"In the above data, which of the labels is the least common? Give your final answer in the form 'Label: answer' where answer is one of the labels: neutral, entailment, contradiction."
710070033,user,1024,TASK_TYPE.MOST_FREQ,ANSWER_TYPE.USER,30364,1,1,1,1,11,30364,30364,,"In the above data, which user is represented most often? Give your final answer in the form 'User: [X]', where [X] is the user ID."
712070012,counting,4096,TASK_TYPE.RELATIVE_FREQ,ANSWER_TYPE.COMPARISON,less common than,1,1,1,1,11,less common than,less common than,,"In the above data, is label 'contradiction' more common, less common, or the same frequency as label 'neutral'? Give your final answer in the form 'Answer: contradiction is [X] neutral', where [X] is 'more common than', 'less common than', or 'same frequency as'."
712070018,user,4096,TASK_TYPE.MOST_FREQ,ANSWER_TYPE.LABEL,entailment,1,1,1,1,11,entailment,entailment,,"For the following question, only consider the subset of instances that are associated with user IDs 88538. Among instances associated with these users, which of the labels is the most common? Give your final answer in the form 'Label: answer' where answer is one of the labels: entailment."
712070048,user,4096,TASK_TYPE.MOST_FREQ,ANSWER_TYPE.USER,25844,1,0,1,1,11,25844,25844,,"In the above data, which user has the most instances with the label contradiction? Give your final answer in the form 'User: [X]', where [X] is the user ID."
718070027,counting,262144,TASK_TYPE.RELATIVE_FREQ,ANSWER_TYPE.COMPARISON,more common than,1,0,0,0,00,less common than,same frequency as,,"In the above data, is label 'contradiction' more common, less common, or the same frequency as label 'neutral'? Give your final answer in the form 'Answer: contradiction is [X] neutral', where [X] is 'more common than', 'less common than', or 'same frequency as'."
718070046,timeline,262144,TASK_TYPE.RELATIVE_FREQ,ANSWER_TYPE.COMPARISON,more common than,1,0,1,0,10,more common than,"The provided context does not contain the 'contradiction' or 'entailment' labels for each instance. Therefore, I cannot calculate their frequencies as requested.",,"For the following question, only consider the subset of instances that occur in April of any year. Among instances occuring in April, is label 'contradiction' more common, less common, or the same frequency as label 'entailment'? Give your final answer in the form 'Answer: contradiction is [X] entailment', where [X] is 'more common than', 'less common than', or 'same frequency as'."
718070049,counting,262144,TASK_TYPE.LEAST_FREQ,ANSWER_TYPE.LABEL,contradiction,1,0,0,1,01,entailment,contradiction,,"In the above data, which of the labels is the least common? Give your final answer in the form 'Label: answer' where answer is one of the labels: entailment, neutral, contradiction."
910090047,timeline,1024,TASK_TYPE.NUMERIC_ONE_CLASS,ANSWER_TYPE.NUMERIC,1,1,1,1,0,10,1,0,,"For the following question, only consider the subset of instances that occur in April of any year. Among instances occuring in April, how many data points should be classified as label 'positive'? Give your final answer in the form 'Answer: number'."
912090010,counting,4096,TASK_TYPE.RELATIVE_FREQ,ANSWER_TYPE.COMPARISON,less common than,1,1,0,1,01,same frequency as,less common than,,"In the above data, is label 'negative' more common, less common, or the same frequency as label 'positive'? Give your final answer in the form 'Answer: negative is [X] positive', where [X] is 'more common than', 'less common than', or 'same frequency as'."
912090031,timeline,4096,TASK_TYPE.NUMERIC_ONE_CLASS,ANSWER_TYPE.NUMERIC,6,0,0,0,0,00,10,8,,"For the following question, only consider the subset of instances that occur between Jul 18, 2023 and May 05, 2024, inclusive. Among instances occuring in this date range, how many data points should be classified as label 'negative'? Give your final answer in the form 'Answer: number'."
918090044,timeline,262144,TASK_TYPE.NUMERIC_ONE_CLASS,ANSWER_TYPE.NUMERIC,383,0,0,0,0,00,0,285,,"For the following question, only consider the subset of instances that occur in March of any year. Among instances occuring in March, how many data points should be classified as label 'positive'? Give your final answer in the form 'Answer: number'."
