run_id,route,example_id,context_len,task_group,context_window_id,task_used,answer_type_used,gold_task,gold_answer_type,prediction,gold,score,exact,typed_status,typed_ops,error,question
oolong_context_disjoint_cd45_specialization_controls_20260716,metadata_oracle,210020009,1024,counting,20001,TASK_TYPE.NUMERIC_ONE_CLASS,ANSWER_TYPE.NUMERIC,TASK_TYPE.NUMERIC_ONE_CLASS,ANSWER_TYPE.NUMERIC,1,1,1.0,True,numeric_label_count,filter_label;count,,"In the above data, how many data points should be classified as label 'negative'? Give your final answer in the form 'Answer: number'."
oolong_context_disjoint_cd45_specialization_controls_20260716,question_parsed,210020009,1024,counting,20001,TASK_TYPE.NUMERIC_ONE_CLASS,ANSWER_TYPE.NUMERIC,TASK_TYPE.NUMERIC_ONE_CLASS,ANSWER_TYPE.NUMERIC,1,1,1.0,True,numeric_label_count,filter_label;count,,"In the above data, how many data points should be classified as label 'negative'? Give your final answer in the form 'Answer: number'."
oolong_context_disjoint_cd45_specialization_controls_20260716,wrong_family_rotated,210020009,1024,counting,20001,TASK_TYPE.MOST_FREQ,ANSWER_TYPE.USER,TASK_TYPE.NUMERIC_ONE_CLASS,ANSWER_TYPE.NUMERIC,36363,1,0.0,False,user_most,count_user;argmax,,"In the above data, how many data points should be classified as label 'negative'? Give your final answer in the form 'Answer: number'."
oolong_context_disjoint_cd45_specialization_controls_20260716,generic_label_route,210020009,1024,counting,20001,TASK_TYPE.MOST_FREQ,ANSWER_TYPE.LABEL,TASK_TYPE.NUMERIC_ONE_CLASS,ANSWER_TYPE.NUMERIC,negative,1,0.0,False,label_most,count_label;argmax,,"In the above data, how many data points should be classified as label 'negative'? Give your final answer in the form 'Answer: number'."
oolong_context_disjoint_cd45_specialization_controls_20260716,metadata_oracle,710070026,1024,counting,70001,TASK_TYPE.LEAST_FREQ,ANSWER_TYPE.LABEL,TASK_TYPE.LEAST_FREQ,ANSWER_TYPE.LABEL,contradiction,neutral,0.0,False,label_least,count_label;argmin,,"In the above data, which of the labels is the least common? Give your final answer in the form 'Label: answer' where answer is one of the labels: neutral, entailment, contradiction."
oolong_context_disjoint_cd45_specialization_controls_20260716,question_parsed,710070026,1024,counting,70001,TASK_TYPE.LEAST_FREQ,ANSWER_TYPE.LABEL,TASK_TYPE.LEAST_FREQ,ANSWER_TYPE.LABEL,contradiction,neutral,0.0,False,label_least,count_label;argmin,,"In the above data, which of the labels is the least common? Give your final answer in the form 'Label: answer' where answer is one of the labels: neutral, entailment, contradiction."
oolong_context_disjoint_cd45_specialization_controls_20260716,wrong_family_rotated,710070026,1024,counting,70001,TASK_TYPE.MOST_FREQ,ANSWER_TYPE.USER,TASK_TYPE.LEAST_FREQ,ANSWER_TYPE.LABEL,30364,neutral,0.0,False,user_most,count_user;argmax,,"In the above data, which of the labels is the least common? Give your final answer in the form 'Label: answer' where answer is one of the labels: neutral, entailment, contradiction."
oolong_context_disjoint_cd45_specialization_controls_20260716,generic_label_route,710070026,1024,counting,70001,TASK_TYPE.MOST_FREQ,ANSWER_TYPE.LABEL,TASK_TYPE.LEAST_FREQ,ANSWER_TYPE.LABEL,entailment,neutral,0.0,False,label_most,count_label;argmax,,"In the above data, which of the labels is the least common? Give your final answer in the form 'Label: answer' where answer is one of the labels: neutral, entailment, contradiction."
oolong_context_disjoint_cd45_specialization_controls_20260716,metadata_oracle,710070007,1024,counting,70000,TASK_TYPE.NUMERIC_ONE_CLASS,ANSWER_TYPE.NUMERIC,TASK_TYPE.NUMERIC_ONE_CLASS,ANSWER_TYPE.NUMERIC,2,2,1.0,True,numeric_label_count,filter_label;count,,"In the above data, how many data points should be classified as label 'entailment'? Give your final answer in the form 'Answer: number'."
oolong_context_disjoint_cd45_specialization_controls_20260716,question_parsed,710070007,1024,counting,70000,TASK_TYPE.NUMERIC_ONE_CLASS,ANSWER_TYPE.NUMERIC,TASK_TYPE.NUMERIC_ONE_CLASS,ANSWER_TYPE.NUMERIC,2,2,1.0,True,numeric_label_count,filter_label;count,,"In the above data, how many data points should be classified as label 'entailment'? Give your final answer in the form 'Answer: number'."
oolong_context_disjoint_cd45_specialization_controls_20260716,wrong_family_rotated,710070007,1024,counting,70000,TASK_TYPE.MOST_FREQ,ANSWER_TYPE.USER,TASK_TYPE.NUMERIC_ONE_CLASS,ANSWER_TYPE.NUMERIC,57396,2,0.0,False,user_most,count_user;argmax,,"In the above data, how many data points should be classified as label 'entailment'? Give your final answer in the form 'Answer: number'."
oolong_context_disjoint_cd45_specialization_controls_20260716,generic_label_route,710070007,1024,counting,70000,TASK_TYPE.MOST_FREQ,ANSWER_TYPE.LABEL,TASK_TYPE.NUMERIC_ONE_CLASS,ANSWER_TYPE.NUMERIC,neutral,2,0.0,False,label_most,count_label;argmax,,"In the above data, how many data points should be classified as label 'entailment'? Give your final answer in the form 'Answer: number'."
oolong_context_disjoint_cd45_specialization_controls_20260716,metadata_oracle,210020033,1024,counting,20005,TASK_TYPE.NUMERIC_ONE_CLASS,ANSWER_TYPE.NUMERIC,TASK_TYPE.NUMERIC_ONE_CLASS,ANSWER_TYPE.NUMERIC,0,0,1.0,True,numeric_label_count,filter_label;count,,"In the above data, how many data points should be classified as label 'negative'? Give your final answer in the form 'Answer: number'."
oolong_context_disjoint_cd45_specialization_controls_20260716,question_parsed,210020033,1024,counting,20005,TASK_TYPE.NUMERIC_ONE_CLASS,ANSWER_TYPE.NUMERIC,TASK_TYPE.NUMERIC_ONE_CLASS,ANSWER_TYPE.NUMERIC,0,0,1.0,True,numeric_label_count,filter_label;count,,"In the above data, how many data points should be classified as label 'negative'? Give your final answer in the form 'Answer: number'."
oolong_context_disjoint_cd45_specialization_controls_20260716,wrong_family_rotated,210020033,1024,counting,20005,TASK_TYPE.MOST_FREQ,ANSWER_TYPE.USER,TASK_TYPE.NUMERIC_ONE_CLASS,ANSWER_TYPE.NUMERIC,62667,0,0.0,False,user_most,count_user;argmax,,"In the above data, how many data points should be classified as label 'negative'? Give your final answer in the form 'Answer: number'."
oolong_context_disjoint_cd45_specialization_controls_20260716,generic_label_route,210020033,1024,counting,20005,TASK_TYPE.MOST_FREQ,ANSWER_TYPE.LABEL,TASK_TYPE.NUMERIC_ONE_CLASS,ANSWER_TYPE.NUMERIC,positive,0,0.0,False,label_most,count_label;argmax,,"In the above data, how many data points should be classified as label 'negative'? Give your final answer in the form 'Answer: number'."
oolong_context_disjoint_cd45_specialization_controls_20260716,metadata_oracle,410040003,1024,counting,40000,TASK_TYPE.NUMERIC_ONE_CLASS,ANSWER_TYPE.NUMERIC,TASK_TYPE.NUMERIC_ONE_CLASS,ANSWER_TYPE.NUMERIC,11,11,1.0,True,numeric_label_count,filter_label;count,,"In the above data, how many data points should be classified as label 'False'? Give your final answer in the form 'Answer: number'."
oolong_context_disjoint_cd45_specialization_controls_20260716,question_parsed,410040003,1024,counting,40000,TASK_TYPE.NUMERIC_ONE_CLASS,ANSWER_TYPE.NUMERIC,TASK_TYPE.NUMERIC_ONE_CLASS,ANSWER_TYPE.NUMERIC,11,11,1.0,True,numeric_label_count,filter_label;count,,"In the above data, how many data points should be classified as label 'False'? Give your final answer in the form 'Answer: number'."
oolong_context_disjoint_cd45_specialization_controls_20260716,wrong_family_rotated,410040003,1024,counting,40000,TASK_TYPE.MOST_FREQ,ANSWER_TYPE.USER,TASK_TYPE.NUMERIC_ONE_CLASS,ANSWER_TYPE.NUMERIC,49473,11,0.0,False,user_most,count_user;argmax,,"In the above data, how many data points should be classified as label 'False'? Give your final answer in the form 'Answer: number'."
oolong_context_disjoint_cd45_specialization_controls_20260716,generic_label_route,410040003,1024,counting,40000,TASK_TYPE.MOST_FREQ,ANSWER_TYPE.LABEL,TASK_TYPE.NUMERIC_ONE_CLASS,ANSWER_TYPE.NUMERIC,false,11,0.0,False,label_most,count_label;argmax,,"In the above data, how many data points should be classified as label 'False'? Give your final answer in the form 'Answer: number'."
oolong_context_disjoint_cd45_specialization_controls_20260716,metadata_oracle,412040009,4096,counting,40008,TASK_TYPE.LEAST_FREQ,ANSWER_TYPE.LABEL,TASK_TYPE.LEAST_FREQ,ANSWER_TYPE.LABEL,true,True,1.0,True,label_least,count_label;argmin,,"In the above data, which of the labels is the least common? Give your final answer in the form 'Label: answer' where answer is one of the labels: True, False."
oolong_context_disjoint_cd45_specialization_controls_20260716,question_parsed,412040009,4096,counting,40008,TASK_TYPE.LEAST_FREQ,ANSWER_TYPE.LABEL,TASK_TYPE.LEAST_FREQ,ANSWER_TYPE.LABEL,true,True,1.0,True,label_least,count_label;argmin,,"In the above data, which of the labels is the least common? Give your final answer in the form 'Label: answer' where answer is one of the labels: True, False."
oolong_context_disjoint_cd45_specialization_controls_20260716,wrong_family_rotated,412040009,4096,counting,40008,TASK_TYPE.MOST_FREQ,ANSWER_TYPE.USER,TASK_TYPE.LEAST_FREQ,ANSWER_TYPE.LABEL,73415,True,0.0,False,user_most,count_user;argmax,,"In the above data, which of the labels is the least common? Give your final answer in the form 'Label: answer' where answer is one of the labels: True, False."
oolong_context_disjoint_cd45_specialization_controls_20260716,generic_label_route,412040009,4096,counting,40008,TASK_TYPE.MOST_FREQ,ANSWER_TYPE.LABEL,TASK_TYPE.LEAST_FREQ,ANSWER_TYPE.LABEL,false,True,0.0,False,label_most,count_label;argmax,,"In the above data, which of the labels is the least common? Give your final answer in the form 'Label: answer' where answer is one of the labels: True, False."
oolong_context_disjoint_cd45_specialization_controls_20260716,metadata_oracle,712070012,4096,counting,70008,TASK_TYPE.RELATIVE_FREQ,ANSWER_TYPE.COMPARISON,TASK_TYPE.RELATIVE_FREQ,ANSWER_TYPE.COMPARISON,less common than,less common than,1.0,True,label_compare,count_label;compare,,"In the above data, is label 'contradiction' more common, less common, or the same frequency as label 'neutral'? Give your final answer in the form 'Answer: contradiction is [X] neutral', where [X] is 'more common than', 'less common than', or 'same frequency as'."
oolong_context_disjoint_cd45_specialization_controls_20260716,question_parsed,712070012,4096,counting,70008,TASK_TYPE.RELATIVE_FREQ,ANSWER_TYPE.COMPARISON,TASK_TYPE.RELATIVE_FREQ,ANSWER_TYPE.COMPARISON,less common than,less common than,1.0,True,label_compare,count_label;compare,,"In the above data, is label 'contradiction' more common, less common, or the same frequency as label 'neutral'? Give your final answer in the form 'Answer: contradiction is [X] neutral', where [X] is 'more common than', 'less common than', or 'same frequency as'."
oolong_context_disjoint_cd45_specialization_controls_20260716,wrong_family_rotated,712070012,4096,counting,70008,TASK_TYPE.MOST_FREQ,ANSWER_TYPE.USER,TASK_TYPE.RELATIVE_FREQ,ANSWER_TYPE.COMPARISON,52144,less common than,0.0,False,user_most,count_user;argmax,,"In the above data, is label 'contradiction' more common, less common, or the same frequency as label 'neutral'? Give your final answer in the form 'Answer: contradiction is [X] neutral', where [X] is 'more common than', 'less common than', or 'same frequency as'."
oolong_context_disjoint_cd45_specialization_controls_20260716,generic_label_route,712070012,4096,counting,70008,TASK_TYPE.MOST_FREQ,ANSWER_TYPE.LABEL,TASK_TYPE.RELATIVE_FREQ,ANSWER_TYPE.COMPARISON,entailment,less common than,0.0,False,label_most,count_label;argmax,,"In the above data, is label 'contradiction' more common, less common, or the same frequency as label 'neutral'? Give your final answer in the form 'Answer: contradiction is [X] neutral', where [X] is 'more common than', 'less common than', or 'same frequency as'."
oolong_context_disjoint_cd45_specialization_controls_20260716,metadata_oracle,512050034,4096,counting,50006,TASK_TYPE.RELATIVE_FREQ,ANSWER_TYPE.COMPARISON,TASK_TYPE.RELATIVE_FREQ,ANSWER_TYPE.COMPARISON,more common than,more common than,1.0,True,label_compare,count_label;compare,,"In the above data, is label 'Entertainment & Music' more common, less common, or the same frequency as label 'Education & Reference'? Give your final answer in the form 'Answer: Entertainment & Music is [X] Education & Reference', where [X] is 'more common than', 'less common than', or 'same frequency as'."
oolong_context_disjoint_cd45_specialization_controls_20260716,question_parsed,512050034,4096,counting,50006,TASK_TYPE.RELATIVE_FREQ,ANSWER_TYPE.COMPARISON,TASK_TYPE.RELATIVE_FREQ,ANSWER_TYPE.COMPARISON,more common than,more common than,1.0,True,label_compare,count_label;compare,,"In the above data, is label 'Entertainment & Music' more common, less common, or the same frequency as label 'Education & Reference'? Give your final answer in the form 'Answer: Entertainment & Music is [X] Education & Reference', where [X] is 'more common than', 'less common than', or 'same frequency as'."
oolong_context_disjoint_cd45_specialization_controls_20260716,wrong_family_rotated,512050034,4096,counting,50006,TASK_TYPE.MOST_FREQ,ANSWER_TYPE.USER,TASK_TYPE.RELATIVE_FREQ,ANSWER_TYPE.COMPARISON,11248,more common than,0.0,False,user_most,count_user;argmax,,"In the above data, is label 'Entertainment & Music' more common, less common, or the same frequency as label 'Education & Reference'? Give your final answer in the form 'Answer: Entertainment & Music is [X] Education & Reference', where [X] is 'more common than', 'less common than', or 'same frequency as'."
oolong_context_disjoint_cd45_specialization_controls_20260716,generic_label_route,512050034,4096,counting,50006,TASK_TYPE.MOST_FREQ,ANSWER_TYPE.LABEL,TASK_TYPE.RELATIVE_FREQ,ANSWER_TYPE.COMPARISON,society & culture,more common than,0.0,False,label_most,count_label;argmax,,"In the above data, is label 'Entertainment & Music' more common, less common, or the same frequency as label 'Education & Reference'? Give your final answer in the form 'Answer: Entertainment & Music is [X] Education & Reference', where [X] is 'more common than', 'less common than', or 'same frequency as'."
oolong_context_disjoint_cd45_specialization_controls_20260716,metadata_oracle,912090010,4096,counting,90008,TASK_TYPE.RELATIVE_FREQ,ANSWER_TYPE.COMPARISON,TASK_TYPE.RELATIVE_FREQ,ANSWER_TYPE.COMPARISON,less common than,less common than,1.0,True,label_compare,count_label;compare,,"In the above data, is label 'negative' more common, less common, or the same frequency as label 'positive'? Give your final answer in the form 'Answer: negative is [X] positive', where [X] is 'more common than', 'less common than', or 'same frequency as'."
oolong_context_disjoint_cd45_specialization_controls_20260716,question_parsed,912090010,4096,counting,90008,TASK_TYPE.RELATIVE_FREQ,ANSWER_TYPE.COMPARISON,TASK_TYPE.RELATIVE_FREQ,ANSWER_TYPE.COMPARISON,less common than,less common than,1.0,True,label_compare,count_label;compare,,"In the above data, is label 'negative' more common, less common, or the same frequency as label 'positive'? Give your final answer in the form 'Answer: negative is [X] positive', where [X] is 'more common than', 'less common than', or 'same frequency as'."
oolong_context_disjoint_cd45_specialization_controls_20260716,wrong_family_rotated,912090010,4096,counting,90008,TASK_TYPE.MOST_FREQ,ANSWER_TYPE.USER,TASK_TYPE.RELATIVE_FREQ,ANSWER_TYPE.COMPARISON,35334,less common than,0.0,False,user_most,count_user;argmax,,"In the above data, is label 'negative' more common, less common, or the same frequency as label 'positive'? Give your final answer in the form 'Answer: negative is [X] positive', where [X] is 'more common than', 'less common than', or 'same frequency as'."
oolong_context_disjoint_cd45_specialization_controls_20260716,generic_label_route,912090010,4096,counting,90008,TASK_TYPE.MOST_FREQ,ANSWER_TYPE.LABEL,TASK_TYPE.RELATIVE_FREQ,ANSWER_TYPE.COMPARISON,positive,less common than,0.0,False,label_most,count_label;argmax,,"In the above data, is label 'negative' more common, less common, or the same frequency as label 'positive'? Give your final answer in the form 'Answer: negative is [X] positive', where [X] is 'more common than', 'less common than', or 'same frequency as'."
oolong_context_disjoint_cd45_specialization_controls_20260716,metadata_oracle,612060011,4096,counting,60008,TASK_TYPE.NUMERIC_ONE_CLASS,ANSWER_TYPE.NUMERIC,TASK_TYPE.NUMERIC_ONE_CLASS,ANSWER_TYPE.NUMERIC,37,46,0.075085,False,numeric_label_count,filter_label;count,,"In the above data, how many data points should be classified as label 'informal'? Give your final answer in the form 'Answer: number'."
oolong_context_disjoint_cd45_specialization_controls_20260716,question_parsed,612060011,4096,counting,60008,TASK_TYPE.NUMERIC_ONE_CLASS,ANSWER_TYPE.NUMERIC,TASK_TYPE.NUMERIC_ONE_CLASS,ANSWER_TYPE.NUMERIC,37,46,0.075085,False,numeric_label_count,filter_label;count,,"In the above data, how many data points should be classified as label 'informal'? Give your final answer in the form 'Answer: number'."
oolong_context_disjoint_cd45_specialization_controls_20260716,wrong_family_rotated,612060011,4096,counting,60008,TASK_TYPE.MOST_FREQ,ANSWER_TYPE.USER,TASK_TYPE.NUMERIC_ONE_CLASS,ANSWER_TYPE.NUMERIC,90688,46,0.0,False,user_most,count_user;argmax,,"In the above data, how many data points should be classified as label 'informal'? Give your final answer in the form 'Answer: number'."
oolong_context_disjoint_cd45_specialization_controls_20260716,generic_label_route,612060011,4096,counting,60008,TASK_TYPE.MOST_FREQ,ANSWER_TYPE.LABEL,TASK_TYPE.NUMERIC_ONE_CLASS,ANSWER_TYPE.NUMERIC,informal,46,0.0,False,label_most,count_label;argmax,,"In the above data, how many data points should be classified as label 'informal'? Give your final answer in the form 'Answer: number'."
oolong_context_disjoint_cd45_specialization_controls_20260716,metadata_oracle,718070027,262144,counting,70024,TASK_TYPE.RELATIVE_FREQ,ANSWER_TYPE.COMPARISON,TASK_TYPE.RELATIVE_FREQ,ANSWER_TYPE.COMPARISON,more common than,more common than,1.0,True,label_compare,count_label;compare,,"In the above data, is label 'contradiction' more common, less common, or the same frequency as label 'neutral'? Give your final answer in the form 'Answer: contradiction is [X] neutral', where [X] is 'more common than', 'less common than', or 'same frequency as'."
oolong_context_disjoint_cd45_specialization_controls_20260716,question_parsed,718070027,262144,counting,70024,TASK_TYPE.RELATIVE_FREQ,ANSWER_TYPE.COMPARISON,TASK_TYPE.RELATIVE_FREQ,ANSWER_TYPE.COMPARISON,more common than,more common than,1.0,True,label_compare,count_label;compare,,"In the above data, is label 'contradiction' more common, less common, or the same frequency as label 'neutral'? Give your final answer in the form 'Answer: contradiction is [X] neutral', where [X] is 'more common than', 'less common than', or 'same frequency as'."
oolong_context_disjoint_cd45_specialization_controls_20260716,wrong_family_rotated,718070027,262144,counting,70024,TASK_TYPE.MOST_FREQ,ANSWER_TYPE.USER,TASK_TYPE.RELATIVE_FREQ,ANSWER_TYPE.COMPARISON,85755,more common than,0.0,False,user_most,count_user;argmax,,"In the above data, is label 'contradiction' more common, less common, or the same frequency as label 'neutral'? Give your final answer in the form 'Answer: contradiction is [X] neutral', where [X] is 'more common than', 'less common than', or 'same frequency as'."
oolong_context_disjoint_cd45_specialization_controls_20260716,generic_label_route,718070027,262144,counting,70024,TASK_TYPE.MOST_FREQ,ANSWER_TYPE.LABEL,TASK_TYPE.RELATIVE_FREQ,ANSWER_TYPE.COMPARISON,contradiction,more common than,0.0,False,label_most,count_label;argmax,,"In the above data, is label 'contradiction' more common, less common, or the same frequency as label 'neutral'? Give your final answer in the form 'Answer: contradiction is [X] neutral', where [X] is 'more common than', 'less common than', or 'same frequency as'."
oolong_context_disjoint_cd45_specialization_controls_20260716,metadata_oracle,618060051,262144,counting,60025,TASK_TYPE.RELATIVE_FREQ,ANSWER_TYPE.COMPARISON,TASK_TYPE.RELATIVE_FREQ,ANSWER_TYPE.COMPARISON,less common than,less common than,1.0,True,label_compare,count_label;compare,,"In the above data, is label 'informal' more common, less common, or the same frequency as label 'formal'? Give your final answer in the form 'Answer: informal is [X] formal', where [X] is 'more common than', 'less common than', or 'same frequency as'."
oolong_context_disjoint_cd45_specialization_controls_20260716,question_parsed,618060051,262144,counting,60025,TASK_TYPE.RELATIVE_FREQ,ANSWER_TYPE.COMPARISON,TASK_TYPE.RELATIVE_FREQ,ANSWER_TYPE.COMPARISON,less common than,less common than,1.0,True,label_compare,count_label;compare,,"In the above data, is label 'informal' more common, less common, or the same frequency as label 'formal'? Give your final answer in the form 'Answer: informal is [X] formal', where [X] is 'more common than', 'less common than', or 'same frequency as'."
oolong_context_disjoint_cd45_specialization_controls_20260716,wrong_family_rotated,618060051,262144,counting,60025,TASK_TYPE.MOST_FREQ,ANSWER_TYPE.USER,TASK_TYPE.RELATIVE_FREQ,ANSWER_TYPE.COMPARISON,82763,less common than,0.0,False,user_most,count_user;argmax,,"In the above data, is label 'informal' more common, less common, or the same frequency as label 'formal'? Give your final answer in the form 'Answer: informal is [X] formal', where [X] is 'more common than', 'less common than', or 'same frequency as'."
oolong_context_disjoint_cd45_specialization_controls_20260716,generic_label_route,618060051,262144,counting,60025,TASK_TYPE.MOST_FREQ,ANSWER_TYPE.LABEL,TASK_TYPE.RELATIVE_FREQ,ANSWER_TYPE.COMPARISON,formal,less common than,0.0,False,label_most,count_label;argmax,,"In the above data, is label 'informal' more common, less common, or the same frequency as label 'formal'? Give your final answer in the form 'Answer: informal is [X] formal', where [X] is 'more common than', 'less common than', or 'same frequency as'."
oolong_context_disjoint_cd45_specialization_controls_20260716,metadata_oracle,718070049,262144,counting,70025,TASK_TYPE.LEAST_FREQ,ANSWER_TYPE.LABEL,TASK_TYPE.LEAST_FREQ,ANSWER_TYPE.LABEL,contradiction,contradiction,1.0,True,label_least,count_label;argmin,,"In the above data, which of the labels is the least common? Give your final answer in the form 'Label: answer' where answer is one of the labels: entailment, neutral, contradiction."
oolong_context_disjoint_cd45_specialization_controls_20260716,question_parsed,718070049,262144,counting,70025,TASK_TYPE.LEAST_FREQ,ANSWER_TYPE.LABEL,TASK_TYPE.LEAST_FREQ,ANSWER_TYPE.LABEL,contradiction,contradiction,1.0,True,label_least,count_label;argmin,,"In the above data, which of the labels is the least common? Give your final answer in the form 'Label: answer' where answer is one of the labels: entailment, neutral, contradiction."
oolong_context_disjoint_cd45_specialization_controls_20260716,wrong_family_rotated,718070049,262144,counting,70025,TASK_TYPE.MOST_FREQ,ANSWER_TYPE.USER,TASK_TYPE.LEAST_FREQ,ANSWER_TYPE.LABEL,31398,contradiction,0.0,False,user_most,count_user;argmax,,"In the above data, which of the labels is the least common? Give your final answer in the form 'Label: answer' where answer is one of the labels: entailment, neutral, contradiction."
oolong_context_disjoint_cd45_specialization_controls_20260716,generic_label_route,718070049,262144,counting,70025,TASK_TYPE.MOST_FREQ,ANSWER_TYPE.LABEL,TASK_TYPE.LEAST_FREQ,ANSWER_TYPE.LABEL,entailment,contradiction,0.0,False,label_most,count_label;argmax,,"In the above data, which of the labels is the least common? Give your final answer in the form 'Label: answer' where answer is one of the labels: entailment, neutral, contradiction."
oolong_context_disjoint_cd45_specialization_controls_20260716,metadata_oracle,218020053,262144,counting,20025,TASK_TYPE.NUMERIC_ONE_CLASS,ANSWER_TYPE.NUMERIC,TASK_TYPE.NUMERIC_ONE_CLASS,ANSWER_TYPE.NUMERIC,393,387,0.177979,False,numeric_label_count,filter_label;count,,"In the above data, how many data points should be classified as label 'positive'? Give your final answer in the form 'Answer: number'."
oolong_context_disjoint_cd45_specialization_controls_20260716,question_parsed,218020053,262144,counting,20025,TASK_TYPE.NUMERIC_ONE_CLASS,ANSWER_TYPE.NUMERIC,TASK_TYPE.NUMERIC_ONE_CLASS,ANSWER_TYPE.NUMERIC,393,387,0.177979,False,numeric_label_count,filter_label;count,,"In the above data, how many data points should be classified as label 'positive'? Give your final answer in the form 'Answer: number'."
oolong_context_disjoint_cd45_specialization_controls_20260716,wrong_family_rotated,218020053,262144,counting,20025,TASK_TYPE.MOST_FREQ,ANSWER_TYPE.USER,TASK_TYPE.NUMERIC_ONE_CLASS,ANSWER_TYPE.NUMERIC,23861,387,0.0,False,user_most,count_user;argmax,,"In the above data, how many data points should be classified as label 'positive'? Give your final answer in the form 'Answer: number'."
oolong_context_disjoint_cd45_specialization_controls_20260716,generic_label_route,218020053,262144,counting,20025,TASK_TYPE.MOST_FREQ,ANSWER_TYPE.LABEL,TASK_TYPE.NUMERIC_ONE_CLASS,ANSWER_TYPE.NUMERIC,positive,387,0.0,False,label_most,count_label;argmax,,"In the above data, how many data points should be classified as label 'positive'? Give your final answer in the form 'Answer: number'."
oolong_context_disjoint_cd45_specialization_controls_20260716,metadata_oracle,218020026,262144,counting,20024,TASK_TYPE.RELATIVE_FREQ,ANSWER_TYPE.COMPARISON,TASK_TYPE.RELATIVE_FREQ,ANSWER_TYPE.COMPARISON,more common than,more common than,1.0,True,label_compare,count_label;compare,,"In the above data, is label 'negative' more common, less common, or the same frequency as label 'positive'? Give your final answer in the form 'Answer: negative is [X] positive', where [X] is 'more common than', 'less common than', or 'same frequency as'."
oolong_context_disjoint_cd45_specialization_controls_20260716,question_parsed,218020026,262144,counting,20024,TASK_TYPE.RELATIVE_FREQ,ANSWER_TYPE.COMPARISON,TASK_TYPE.RELATIVE_FREQ,ANSWER_TYPE.COMPARISON,more common than,more common than,1.0,True,label_compare,count_label;compare,,"In the above data, is label 'negative' more common, less common, or the same frequency as label 'positive'? Give your final answer in the form 'Answer: negative is [X] positive', where [X] is 'more common than', 'less common than', or 'same frequency as'."
oolong_context_disjoint_cd45_specialization_controls_20260716,wrong_family_rotated,218020026,262144,counting,20024,TASK_TYPE.MOST_FREQ,ANSWER_TYPE.USER,TASK_TYPE.RELATIVE_FREQ,ANSWER_TYPE.COMPARISON,84614,more common than,0.0,False,user_most,count_user;argmax,,"In the above data, is label 'negative' more common, less common, or the same frequency as label 'positive'? Give your final answer in the form 'Answer: negative is [X] positive', where [X] is 'more common than', 'less common than', or 'same frequency as'."
oolong_context_disjoint_cd45_specialization_controls_20260716,generic_label_route,218020026,262144,counting,20024,TASK_TYPE.MOST_FREQ,ANSWER_TYPE.LABEL,TASK_TYPE.RELATIVE_FREQ,ANSWER_TYPE.COMPARISON,negative,more common than,0.0,False,label_most,count_label;argmax,,"In the above data, is label 'negative' more common, less common, or the same frequency as label 'positive'? Give your final answer in the form 'Answer: negative is [X] positive', where [X] is 'more common than', 'less common than', or 'same frequency as'."
oolong_context_disjoint_cd45_specialization_controls_20260716,metadata_oracle,410040043,1024,timeline,40001,TASK_TYPE.LEAST_FREQ,ANSWER_TYPE.LABEL,TASK_TYPE.LEAST_FREQ,ANSWER_TYPE.LABEL,true,False,0.0,False,label_least,filter_month;count_label;argmin,,"For the following question, only consider the subset of instances that occur in February of any year. Among instances occuring in February, which of the labels is the least common? Give your final answer in the form 'Label: answer' where answer is one of the labels: False."
oolong_context_disjoint_cd45_specialization_controls_20260716,question_parsed,410040043,1024,timeline,40001,TASK_TYPE.LEAST_FREQ,ANSWER_TYPE.LABEL,TASK_TYPE.LEAST_FREQ,ANSWER_TYPE.LABEL,true,False,0.0,False,label_least,filter_month;count_label;argmin,,"For the following question, only consider the subset of instances that occur in February of any year. Among instances occuring in February, which of the labels is the least common? Give your final answer in the form 'Label: answer' where answer is one of the labels: False."
oolong_context_disjoint_cd45_specialization_controls_20260716,wrong_family_rotated,410040043,1024,timeline,40001,TASK_TYPE.NUMERIC_ONE_CLASS,ANSWER_TYPE.NUMERIC,TASK_TYPE.LEAST_FREQ,ANSWER_TYPE.LABEL,0,False,0.0,False,numeric_label_count,filter_month;filter_label;count,,"For the following question, only consider the subset of instances that occur in February of any year. Among instances occuring in February, which of the labels is the least common? Give your final answer in the form 'Label: answer' where answer is one of the labels: False."
oolong_context_disjoint_cd45_specialization_controls_20260716,generic_label_route,410040043,1024,timeline,40001,TASK_TYPE.MOST_FREQ,ANSWER_TYPE.LABEL,TASK_TYPE.LEAST_FREQ,ANSWER_TYPE.LABEL,true,False,0.0,False,label_most,filter_month;count_label;argmax,,"For the following question, only consider the subset of instances that occur in February of any year. Among instances occuring in February, which of the labels is the least common? Give your final answer in the form 'Label: answer' where answer is one of the labels: False."
oolong_context_disjoint_cd45_specialization_controls_20260716,metadata_oracle,310030048,1024,timeline,30001,TASK_TYPE.RELATIVE_FREQ,ANSWER_TYPE.COMPARISON,TASK_TYPE.RELATIVE_FREQ,ANSWER_TYPE.COMPARISON,more common,more common,1.0,True,before_after_label_rate,split_before_after;compare_label_rates,,"In the above data, was label 'Sports' more common, less common, or the same frequency before 2024-02-06, as compared to after 2024-02-06? Give your final answer in the form 'Answer: Sports is [X] before 2024-02-06', where [X] is 'more common', 'less common', or 'the same frequency'."
oolong_context_disjoint_cd45_specialization_controls_20260716,question_parsed,310030048,1024,timeline,30001,TASK_TYPE.RELATIVE_FREQ,ANSWER_TYPE.COMPARISON,TASK_TYPE.RELATIVE_FREQ,ANSWER_TYPE.COMPARISON,more common,more common,1.0,True,before_after_label_rate,split_before_after;compare_label_rates,,"In the above data, was label 'Sports' more common, less common, or the same frequency before 2024-02-06, as compared to after 2024-02-06? Give your final answer in the form 'Answer: Sports is [X] before 2024-02-06', where [X] is 'more common', 'less common', or 'the same frequency'."
oolong_context_disjoint_cd45_specialization_controls_20260716,wrong_family_rotated,310030048,1024,timeline,30001,TASK_TYPE.NUMERIC_ONE_CLASS,ANSWER_TYPE.NUMERIC,TASK_TYPE.RELATIVE_FREQ,ANSWER_TYPE.COMPARISON,1,more common,0.0,False,numeric_label_count,filter_label;count,,"In the above data, was label 'Sports' more common, less common, or the same frequency before 2024-02-06, as compared to after 2024-02-06? Give your final answer in the form 'Answer: Sports is [X] before 2024-02-06', where [X] is 'more common', 'less common', or 'the same frequency'."
oolong_context_disjoint_cd45_specialization_controls_20260716,generic_label_route,310030048,1024,timeline,30001,TASK_TYPE.MOST_FREQ,ANSWER_TYPE.LABEL,TASK_TYPE.RELATIVE_FREQ,ANSWER_TYPE.COMPARISON,world,more common,0.0,False,label_most,count_label;argmax,,"In the above data, was label 'Sports' more common, less common, or the same frequency before 2024-02-06, as compared to after 2024-02-06? Give your final answer in the form 'Answer: Sports is [X] before 2024-02-06', where [X] is 'more common', 'less common', or 'the same frequency'."
oolong_context_disjoint_cd45_specialization_controls_20260716,metadata_oracle,210020017,1024,timeline,20002,TASK_TYPE.MOST_FREQ,ANSWER_TYPE.DATE,TASK_TYPE.MOST_FREQ,ANSWER_TYPE.DATE,"Jun 29, 2023",2023-06-29 00:00:00,1.0,True,date_most,count_date;argmax,,"In the above data, which date is represented most often? Give your final answer in the form 'Date: [X]', where [X] is the date in the format MM/DD/YYYY."
oolong_context_disjoint_cd45_specialization_controls_20260716,question_parsed,210020017,1024,timeline,20002,TASK_TYPE.MOST_FREQ,ANSWER_TYPE.DATE,TASK_TYPE.MOST_FREQ,ANSWER_TYPE.DATE,"Jun 29, 2023",2023-06-29 00:00:00,1.0,True,date_most,count_date;argmax,,"In the above data, which date is represented most often? Give your final answer in the form 'Date: [X]', where [X] is the date in the format MM/DD/YYYY."
oolong_context_disjoint_cd45_specialization_controls_20260716,wrong_family_rotated,210020017,1024,timeline,20002,TASK_TYPE.NUMERIC_ONE_CLASS,ANSWER_TYPE.NUMERIC,TASK_TYPE.MOST_FREQ,ANSWER_TYPE.DATE,,2023-06-29 00:00:00,0.0,False,unsupported,unsupported,,"In the above data, which date is represented most often? Give your final answer in the form 'Date: [X]', where [X] is the date in the format MM/DD/YYYY."
oolong_context_disjoint_cd45_specialization_controls_20260716,generic_label_route,210020017,1024,timeline,20002,TASK_TYPE.MOST_FREQ,ANSWER_TYPE.LABEL,TASK_TYPE.MOST_FREQ,ANSWER_TYPE.DATE,negative,2023-06-29 00:00:00,0.0,False,label_most,count_label;argmax,,"In the above data, which date is represented most often? Give your final answer in the form 'Date: [X]', where [X] is the date in the format MM/DD/YYYY."
oolong_context_disjoint_cd45_specialization_controls_20260716,metadata_oracle,210020029,1024,timeline,20004,TASK_TYPE.MOST_FREQ,ANSWER_TYPE.DATE,TASK_TYPE.MOST_FREQ,ANSWER_TYPE.DATE,"Mar 03, 2025",2025-03-03 00:00:00,1.0,True,date_most,count_date;argmax,,"In the above data, which date is represented most often? Give your final answer in the form 'Date: [X]', where [X] is the date in the format MM/DD/YYYY."
oolong_context_disjoint_cd45_specialization_controls_20260716,question_parsed,210020029,1024,timeline,20004,TASK_TYPE.MOST_FREQ,ANSWER_TYPE.DATE,TASK_TYPE.MOST_FREQ,ANSWER_TYPE.DATE,"Mar 03, 2025",2025-03-03 00:00:00,1.0,True,date_most,count_date;argmax,,"In the above data, which date is represented most often? Give your final answer in the form 'Date: [X]', where [X] is the date in the format MM/DD/YYYY."
oolong_context_disjoint_cd45_specialization_controls_20260716,wrong_family_rotated,210020029,1024,timeline,20004,TASK_TYPE.NUMERIC_ONE_CLASS,ANSWER_TYPE.NUMERIC,TASK_TYPE.MOST_FREQ,ANSWER_TYPE.DATE,,2025-03-03 00:00:00,0.0,False,unsupported,unsupported,,"In the above data, which date is represented most often? Give your final answer in the form 'Date: [X]', where [X] is the date in the format MM/DD/YYYY."
oolong_context_disjoint_cd45_specialization_controls_20260716,generic_label_route,210020029,1024,timeline,20004,TASK_TYPE.MOST_FREQ,ANSWER_TYPE.LABEL,TASK_TYPE.MOST_FREQ,ANSWER_TYPE.DATE,negative,2025-03-03 00:00:00,0.0,False,label_most,count_label;argmax,,"In the above data, which date is represented most often? Give your final answer in the form 'Date: [X]', where [X] is the date in the format MM/DD/YYYY."
oolong_context_disjoint_cd45_specialization_controls_20260716,metadata_oracle,910090047,1024,timeline,90001,TASK_TYPE.NUMERIC_ONE_CLASS,ANSWER_TYPE.NUMERIC,TASK_TYPE.NUMERIC_ONE_CLASS,ANSWER_TYPE.NUMERIC,1,1,1.0,True,numeric_label_count,filter_month;filter_label;count,,"For the following question, only consider the subset of instances that occur in April of any year. Among instances occuring in April, how many data points should be classified as label 'positive'? Give your final answer in the form 'Answer: number'."
oolong_context_disjoint_cd45_specialization_controls_20260716,question_parsed,910090047,1024,timeline,90001,TASK_TYPE.NUMERIC_ONE_CLASS,ANSWER_TYPE.NUMERIC,TASK_TYPE.NUMERIC_ONE_CLASS,ANSWER_TYPE.NUMERIC,1,1,1.0,True,numeric_label_count,filter_month;filter_label;count,,"For the following question, only consider the subset of instances that occur in April of any year. Among instances occuring in April, how many data points should be classified as label 'positive'? Give your final answer in the form 'Answer: number'."
oolong_context_disjoint_cd45_specialization_controls_20260716,wrong_family_rotated,910090047,1024,timeline,90001,TASK_TYPE.NUMERIC_ONE_CLASS,ANSWER_TYPE.NUMERIC,TASK_TYPE.NUMERIC_ONE_CLASS,ANSWER_TYPE.NUMERIC,1,1,1.0,True,numeric_label_count,filter_month;filter_label;count,,"For the following question, only consider the subset of instances that occur in April of any year. Among instances occuring in April, how many data points should be classified as label 'positive'? Give your final answer in the form 'Answer: number'."
oolong_context_disjoint_cd45_specialization_controls_20260716,generic_label_route,910090047,1024,timeline,90001,TASK_TYPE.MOST_FREQ,ANSWER_TYPE.LABEL,TASK_TYPE.NUMERIC_ONE_CLASS,ANSWER_TYPE.NUMERIC,negative,1,0.0,False,label_most,filter_month;count_label;argmax,,"For the following question, only consider the subset of instances that occur in April of any year. Among instances occuring in April, how many data points should be classified as label 'positive'? Give your final answer in the form 'Answer: number'."
oolong_context_disjoint_cd45_specialization_controls_20260716,metadata_oracle,912090031,4096,timeline,90008,TASK_TYPE.NUMERIC_ONE_CLASS,ANSWER_TYPE.NUMERIC,TASK_TYPE.NUMERIC_ONE_CLASS,ANSWER_TYPE.NUMERIC,4,6,0.5625,False,numeric_label_count,filter_date_range;filter_label;count,,"For the following question, only consider the subset of instances that occur between Jul 18, 2023 and May 05, 2024, inclusive. Among instances occuring in this date range, how many data points should be classified as label 'negative'? Give your final answer in the form 'Answer: number'."
oolong_context_disjoint_cd45_specialization_controls_20260716,question_parsed,912090031,4096,timeline,90008,TASK_TYPE.NUMERIC_ONE_CLASS,ANSWER_TYPE.NUMERIC,TASK_TYPE.NUMERIC_ONE_CLASS,ANSWER_TYPE.NUMERIC,4,6,0.5625,False,numeric_label_count,filter_date_range;filter_label;count,,"For the following question, only consider the subset of instances that occur between Jul 18, 2023 and May 05, 2024, inclusive. Among instances occuring in this date range, how many data points should be classified as label 'negative'? Give your final answer in the form 'Answer: number'."
oolong_context_disjoint_cd45_specialization_controls_20260716,wrong_family_rotated,912090031,4096,timeline,90008,TASK_TYPE.NUMERIC_ONE_CLASS,ANSWER_TYPE.NUMERIC,TASK_TYPE.NUMERIC_ONE_CLASS,ANSWER_TYPE.NUMERIC,4,6,0.5625,False,numeric_label_count,filter_date_range;filter_label;count,,"For the following question, only consider the subset of instances that occur between Jul 18, 2023 and May 05, 2024, inclusive. Among instances occuring in this date range, how many data points should be classified as label 'negative'? Give your final answer in the form 'Answer: number'."
oolong_context_disjoint_cd45_specialization_controls_20260716,generic_label_route,912090031,4096,timeline,90008,TASK_TYPE.MOST_FREQ,ANSWER_TYPE.LABEL,TASK_TYPE.NUMERIC_ONE_CLASS,ANSWER_TYPE.NUMERIC,positive,6,0.0,False,label_most,filter_date_range;count_label;argmax,,"For the following question, only consider the subset of instances that occur between Jul 18, 2023 and May 05, 2024, inclusive. Among instances occuring in this date range, how many data points should be classified as label 'negative'? Give your final answer in the form 'Answer: number'."
oolong_context_disjoint_cd45_specialization_controls_20260716,metadata_oracle,612060022,4096,timeline,60008,TASK_TYPE.RELATIVE_FREQ,ANSWER_TYPE.COMPARISON,TASK_TYPE.RELATIVE_FREQ,ANSWER_TYPE.COMPARISON,more common,more common,1.0,True,before_after_label_rate,split_before_after;compare_label_rates,,"In the above data, was label 'formal' more common, less common, or the same frequency before 2024-04-29, as compared to after 2024-04-29? Give your final answer in the form 'Answer: formal is [X] before 2024-04-29', where [X] is 'more common', 'less common', or 'the same frequency'."
oolong_context_disjoint_cd45_specialization_controls_20260716,question_parsed,612060022,4096,timeline,60008,TASK_TYPE.RELATIVE_FREQ,ANSWER_TYPE.COMPARISON,TASK_TYPE.RELATIVE_FREQ,ANSWER_TYPE.COMPARISON,more common,more common,1.0,True,before_after_label_rate,split_before_after;compare_label_rates,,"In the above data, was label 'formal' more common, less common, or the same frequency before 2024-04-29, as compared to after 2024-04-29? Give your final answer in the form 'Answer: formal is [X] before 2024-04-29', where [X] is 'more common', 'less common', or 'the same frequency'."
oolong_context_disjoint_cd45_specialization_controls_20260716,wrong_family_rotated,612060022,4096,timeline,60008,TASK_TYPE.NUMERIC_ONE_CLASS,ANSWER_TYPE.NUMERIC,TASK_TYPE.RELATIVE_FREQ,ANSWER_TYPE.COMPARISON,30,more common,0.0,False,numeric_label_count,filter_label;count,,"In the above data, was label 'formal' more common, less common, or the same frequency before 2024-04-29, as compared to after 2024-04-29? Give your final answer in the form 'Answer: formal is [X] before 2024-04-29', where [X] is 'more common', 'less common', or 'the same frequency'."
oolong_context_disjoint_cd45_specialization_controls_20260716,generic_label_route,612060022,4096,timeline,60008,TASK_TYPE.MOST_FREQ,ANSWER_TYPE.LABEL,TASK_TYPE.RELATIVE_FREQ,ANSWER_TYPE.COMPARISON,informal,more common,0.0,False,label_most,count_label;argmax,,"In the above data, was label 'formal' more common, less common, or the same frequency before 2024-04-29, as compared to after 2024-04-29? Give your final answer in the form 'Answer: formal is [X] before 2024-04-29', where [X] is 'more common', 'less common', or 'the same frequency'."
oolong_context_disjoint_cd45_specialization_controls_20260716,metadata_oracle,612060046,4096,timeline,60006,TASK_TYPE.RELATIVE_FREQ,ANSWER_TYPE.COMPARISON,TASK_TYPE.RELATIVE_FREQ,ANSWER_TYPE.COMPARISON,less common,less common,1.0,True,before_after_label_rate,split_before_after;compare_label_rates,,"In the above data, was label 'formal' more common, less common, or the same frequency before 2023-11-29, as compared to after 2023-11-29? Give your final answer in the form 'Answer: formal is [X] before 2023-11-29', where [X] is 'more common', 'less common', or 'the same frequency'."
oolong_context_disjoint_cd45_specialization_controls_20260716,question_parsed,612060046,4096,timeline,60006,TASK_TYPE.RELATIVE_FREQ,ANSWER_TYPE.COMPARISON,TASK_TYPE.RELATIVE_FREQ,ANSWER_TYPE.COMPARISON,less common,less common,1.0,True,before_after_label_rate,split_before_after;compare_label_rates,,"In the above data, was label 'formal' more common, less common, or the same frequency before 2023-11-29, as compared to after 2023-11-29? Give your final answer in the form 'Answer: formal is [X] before 2023-11-29', where [X] is 'more common', 'less common', or 'the same frequency'."
oolong_context_disjoint_cd45_specialization_controls_20260716,wrong_family_rotated,612060046,4096,timeline,60006,TASK_TYPE.NUMERIC_ONE_CLASS,ANSWER_TYPE.NUMERIC,TASK_TYPE.RELATIVE_FREQ,ANSWER_TYPE.COMPARISON,39,less common,0.0,False,numeric_label_count,filter_label;count,,"In the above data, was label 'formal' more common, less common, or the same frequency before 2023-11-29, as compared to after 2023-11-29? Give your final answer in the form 'Answer: formal is [X] before 2023-11-29', where [X] is 'more common', 'less common', or 'the same frequency'."
oolong_context_disjoint_cd45_specialization_controls_20260716,generic_label_route,612060046,4096,timeline,60006,TASK_TYPE.MOST_FREQ,ANSWER_TYPE.LABEL,TASK_TYPE.RELATIVE_FREQ,ANSWER_TYPE.COMPARISON,formal,less common,0.0,False,label_most,count_label;argmax,,"In the above data, was label 'formal' more common, less common, or the same frequency before 2023-11-29, as compared to after 2023-11-29? Give your final answer in the form 'Answer: formal is [X] before 2023-11-29', where [X] is 'more common', 'less common', or 'the same frequency'."
oolong_context_disjoint_cd45_specialization_controls_20260716,metadata_oracle,412040047,4096,timeline,40006,TASK_TYPE.MOST_FREQ,ANSWER_TYPE.LABEL,TASK_TYPE.MOST_FREQ,ANSWER_TYPE.LABEL,false,True,0.0,False,label_most,filter_month;count_label;argmax,,"For the following question, only consider the subset of instances that occur in September of any year. Among instances occuring in September, which of the labels is the most common? Give your final answer in the form 'Label: answer' where answer is one of the labels: False, True."
oolong_context_disjoint_cd45_specialization_controls_20260716,question_parsed,412040047,4096,timeline,40006,TASK_TYPE.MOST_FREQ,ANSWER_TYPE.LABEL,TASK_TYPE.MOST_FREQ,ANSWER_TYPE.LABEL,false,True,0.0,False,label_most,filter_month;count_label;argmax,,"For the following question, only consider the subset of instances that occur in September of any year. Among instances occuring in September, which of the labels is the most common? Give your final answer in the form 'Label: answer' where answer is one of the labels: False, True."
oolong_context_disjoint_cd45_specialization_controls_20260716,wrong_family_rotated,412040047,4096,timeline,40006,TASK_TYPE.NUMERIC_ONE_CLASS,ANSWER_TYPE.NUMERIC,TASK_TYPE.MOST_FREQ,ANSWER_TYPE.LABEL,0,True,0.0,False,numeric_label_count,filter_month;filter_label;count,,"For the following question, only consider the subset of instances that occur in September of any year. Among instances occuring in September, which of the labels is the most common? Give your final answer in the form 'Label: answer' where answer is one of the labels: False, True."
oolong_context_disjoint_cd45_specialization_controls_20260716,generic_label_route,412040047,4096,timeline,40006,TASK_TYPE.MOST_FREQ,ANSWER_TYPE.LABEL,TASK_TYPE.MOST_FREQ,ANSWER_TYPE.LABEL,false,True,0.0,False,label_most,filter_month;count_label;argmax,,"For the following question, only consider the subset of instances that occur in September of any year. Among instances occuring in September, which of the labels is the most common? Give your final answer in the form 'Label: answer' where answer is one of the labels: False, True."
oolong_context_disjoint_cd45_specialization_controls_20260716,metadata_oracle,212020028,4096,timeline,20008,TASK_TYPE.NUMERIC_ONE_CLASS,ANSWER_TYPE.NUMERIC,TASK_TYPE.NUMERIC_ONE_CLASS,ANSWER_TYPE.NUMERIC,2,2,1.0,True,numeric_label_count,filter_date_range;filter_label;count,,"For the following question, only consider the subset of instances that occur between Dec 20, 2022 and Sep 10, 2024, inclusive. Among instances occuring in this date range, how many data points should be classified as label 'positive'? Give your final answer in the form 'Answer: number'."
oolong_context_disjoint_cd45_specialization_controls_20260716,question_parsed,212020028,4096,timeline,20008,TASK_TYPE.NUMERIC_ONE_CLASS,ANSWER_TYPE.NUMERIC,TASK_TYPE.NUMERIC_ONE_CLASS,ANSWER_TYPE.NUMERIC,2,2,1.0,True,numeric_label_count,filter_date_range;filter_label;count,,"For the following question, only consider the subset of instances that occur between Dec 20, 2022 and Sep 10, 2024, inclusive. Among instances occuring in this date range, how many data points should be classified as label 'positive'? Give your final answer in the form 'Answer: number'."
oolong_context_disjoint_cd45_specialization_controls_20260716,wrong_family_rotated,212020028,4096,timeline,20008,TASK_TYPE.NUMERIC_ONE_CLASS,ANSWER_TYPE.NUMERIC,TASK_TYPE.NUMERIC_ONE_CLASS,ANSWER_TYPE.NUMERIC,2,2,1.0,True,numeric_label_count,filter_date_range;filter_label;count,,"For the following question, only consider the subset of instances that occur between Dec 20, 2022 and Sep 10, 2024, inclusive. Among instances occuring in this date range, how many data points should be classified as label 'positive'? Give your final answer in the form 'Answer: number'."
oolong_context_disjoint_cd45_specialization_controls_20260716,generic_label_route,212020028,4096,timeline,20008,TASK_TYPE.MOST_FREQ,ANSWER_TYPE.LABEL,TASK_TYPE.NUMERIC_ONE_CLASS,ANSWER_TYPE.NUMERIC,negative,2,0.0,False,label_most,filter_date_range;count_label;argmax,,"For the following question, only consider the subset of instances that occur between Dec 20, 2022 and Sep 10, 2024, inclusive. Among instances occuring in this date range, how many data points should be classified as label 'positive'? Give your final answer in the form 'Answer: number'."
oolong_context_disjoint_cd45_specialization_controls_20260716,metadata_oracle,918090044,262144,timeline,90024,TASK_TYPE.NUMERIC_ONE_CLASS,ANSWER_TYPE.NUMERIC,TASK_TYPE.NUMERIC_ONE_CLASS,ANSWER_TYPE.NUMERIC,375,383,0.100113,False,numeric_label_count,filter_month;filter_label;count,,"For the following question, only consider the subset of instances that occur in March of any year. Among instances occuring in March, how many data points should be classified as label 'positive'? Give your final answer in the form 'Answer: number'."
oolong_context_disjoint_cd45_specialization_controls_20260716,question_parsed,918090044,262144,timeline,90024,TASK_TYPE.NUMERIC_ONE_CLASS,ANSWER_TYPE.NUMERIC,TASK_TYPE.NUMERIC_ONE_CLASS,ANSWER_TYPE.NUMERIC,375,383,0.100113,False,numeric_label_count,filter_month;filter_label;count,,"For the following question, only consider the subset of instances that occur in March of any year. Among instances occuring in March, how many data points should be classified as label 'positive'? Give your final answer in the form 'Answer: number'."
oolong_context_disjoint_cd45_specialization_controls_20260716,wrong_family_rotated,918090044,262144,timeline,90024,TASK_TYPE.NUMERIC_ONE_CLASS,ANSWER_TYPE.NUMERIC,TASK_TYPE.NUMERIC_ONE_CLASS,ANSWER_TYPE.NUMERIC,375,383,0.100113,False,numeric_label_count,filter_month;filter_label;count,,"For the following question, only consider the subset of instances that occur in March of any year. Among instances occuring in March, how many data points should be classified as label 'positive'? Give your final answer in the form 'Answer: number'."
oolong_context_disjoint_cd45_specialization_controls_20260716,generic_label_route,918090044,262144,timeline,90024,TASK_TYPE.MOST_FREQ,ANSWER_TYPE.LABEL,TASK_TYPE.NUMERIC_ONE_CLASS,ANSWER_TYPE.NUMERIC,positive,383,0.0,False,label_most,filter_month;count_label;argmax,,"For the following question, only consider the subset of instances that occur in March of any year. Among instances occuring in March, how many data points should be classified as label 'positive'? Give your final answer in the form 'Answer: number'."
oolong_context_disjoint_cd45_specialization_controls_20260716,metadata_oracle,218020038,262144,timeline,20024,TASK_TYPE.MOST_FREQ,ANSWER_TYPE.DATE,TASK_TYPE.MOST_FREQ,ANSWER_TYPE.DATE,"Dec 06, 2024",2024-12-06 00:00:00,1.0,True,date_most,count_date;argmax,,"In the above data, which date is represented most often? Give your final answer in the form 'Date: [X]', where [X] is the date in the format MM/DD/YYYY."
oolong_context_disjoint_cd45_specialization_controls_20260716,question_parsed,218020038,262144,timeline,20024,TASK_TYPE.MOST_FREQ,ANSWER_TYPE.DATE,TASK_TYPE.MOST_FREQ,ANSWER_TYPE.DATE,"Dec 06, 2024",2024-12-06 00:00:00,1.0,True,date_most,count_date;argmax,,"In the above data, which date is represented most often? Give your final answer in the form 'Date: [X]', where [X] is the date in the format MM/DD/YYYY."
oolong_context_disjoint_cd45_specialization_controls_20260716,wrong_family_rotated,218020038,262144,timeline,20024,TASK_TYPE.NUMERIC_ONE_CLASS,ANSWER_TYPE.NUMERIC,TASK_TYPE.MOST_FREQ,ANSWER_TYPE.DATE,,2024-12-06 00:00:00,0.0,False,unsupported,unsupported,,"In the above data, which date is represented most often? Give your final answer in the form 'Date: [X]', where [X] is the date in the format MM/DD/YYYY."
oolong_context_disjoint_cd45_specialization_controls_20260716,generic_label_route,218020038,262144,timeline,20024,TASK_TYPE.MOST_FREQ,ANSWER_TYPE.LABEL,TASK_TYPE.MOST_FREQ,ANSWER_TYPE.DATE,negative,2024-12-06 00:00:00,0.0,False,label_most,count_label;argmax,,"In the above data, which date is represented most often? Give your final answer in the form 'Date: [X]', where [X] is the date in the format MM/DD/YYYY."
oolong_context_disjoint_cd45_specialization_controls_20260716,metadata_oracle,418040042,262144,timeline,40024,TASK_TYPE.RELATIVE_FREQ,ANSWER_TYPE.COMPARISON,TASK_TYPE.RELATIVE_FREQ,ANSWER_TYPE.COMPARISON,more common than,more common than,1.0,True,label_compare,filter_month;count_label;compare,,"For the following question, only consider the subset of instances that occur in May of any year. Among instances occuring in May, is label 'False' more common, less common, or the same frequency as label 'True'? Give your final answer in the form 'Answer: False is [X] True', where [X] is 'more common than', 'less common than', or 'same frequency as'."
oolong_context_disjoint_cd45_specialization_controls_20260716,question_parsed,418040042,262144,timeline,40024,TASK_TYPE.RELATIVE_FREQ,ANSWER_TYPE.COMPARISON,TASK_TYPE.RELATIVE_FREQ,ANSWER_TYPE.COMPARISON,more common than,more common than,1.0,True,label_compare,filter_month;count_label;compare,,"For the following question, only consider the subset of instances that occur in May of any year. Among instances occuring in May, is label 'False' more common, less common, or the same frequency as label 'True'? Give your final answer in the form 'Answer: False is [X] True', where [X] is 'more common than', 'less common than', or 'same frequency as'."
oolong_context_disjoint_cd45_specialization_controls_20260716,wrong_family_rotated,418040042,262144,timeline,40024,TASK_TYPE.NUMERIC_ONE_CLASS,ANSWER_TYPE.NUMERIC,TASK_TYPE.RELATIVE_FREQ,ANSWER_TYPE.COMPARISON,451,more common than,0.0,False,numeric_label_count,filter_month;filter_label;count,,"For the following question, only consider the subset of instances that occur in May of any year. Among instances occuring in May, is label 'False' more common, less common, or the same frequency as label 'True'? Give your final answer in the form 'Answer: False is [X] True', where [X] is 'more common than', 'less common than', or 'same frequency as'."
oolong_context_disjoint_cd45_specialization_controls_20260716,generic_label_route,418040042,262144,timeline,40024,TASK_TYPE.MOST_FREQ,ANSWER_TYPE.LABEL,TASK_TYPE.RELATIVE_FREQ,ANSWER_TYPE.COMPARISON,false,more common than,0.0,False,label_most,filter_month;count_label;argmax,,"For the following question, only consider the subset of instances that occur in May of any year. Among instances occuring in May, is label 'False' more common, less common, or the same frequency as label 'True'? Give your final answer in the form 'Answer: False is [X] True', where [X] is 'more common than', 'less common than', or 'same frequency as'."
oolong_context_disjoint_cd45_specialization_controls_20260716,metadata_oracle,718070046,262144,timeline,70024,TASK_TYPE.RELATIVE_FREQ,ANSWER_TYPE.COMPARISON,TASK_TYPE.RELATIVE_FREQ,ANSWER_TYPE.COMPARISON,more common than,more common than,1.0,True,label_compare,filter_month;count_label;compare,,"For the following question, only consider the subset of instances that occur in April of any year. Among instances occuring in April, is label 'contradiction' more common, less common, or the same frequency as label 'entailment'? Give your final answer in the form 'Answer: contradiction is [X] entailment', where [X] is 'more common than', 'less common than', or 'same frequency as'."
oolong_context_disjoint_cd45_specialization_controls_20260716,question_parsed,718070046,262144,timeline,70024,TASK_TYPE.RELATIVE_FREQ,ANSWER_TYPE.COMPARISON,TASK_TYPE.RELATIVE_FREQ,ANSWER_TYPE.COMPARISON,more common than,more common than,1.0,True,label_compare,filter_month;count_label;compare,,"For the following question, only consider the subset of instances that occur in April of any year. Among instances occuring in April, is label 'contradiction' more common, less common, or the same frequency as label 'entailment'? Give your final answer in the form 'Answer: contradiction is [X] entailment', where [X] is 'more common than', 'less common than', or 'same frequency as'."
oolong_context_disjoint_cd45_specialization_controls_20260716,wrong_family_rotated,718070046,262144,timeline,70024,TASK_TYPE.NUMERIC_ONE_CLASS,ANSWER_TYPE.NUMERIC,TASK_TYPE.RELATIVE_FREQ,ANSWER_TYPE.COMPARISON,128,more common than,0.0,False,numeric_label_count,filter_month;filter_label;count,,"For the following question, only consider the subset of instances that occur in April of any year. Among instances occuring in April, is label 'contradiction' more common, less common, or the same frequency as label 'entailment'? Give your final answer in the form 'Answer: contradiction is [X] entailment', where [X] is 'more common than', 'less common than', or 'same frequency as'."
oolong_context_disjoint_cd45_specialization_controls_20260716,generic_label_route,718070046,262144,timeline,70024,TASK_TYPE.MOST_FREQ,ANSWER_TYPE.LABEL,TASK_TYPE.RELATIVE_FREQ,ANSWER_TYPE.COMPARISON,contradiction,more common than,0.0,False,label_most,filter_month;count_label;argmax,,"For the following question, only consider the subset of instances that occur in April of any year. Among instances occuring in April, is label 'contradiction' more common, less common, or the same frequency as label 'entailment'? Give your final answer in the form 'Answer: contradiction is [X] entailment', where [X] is 'more common than', 'less common than', or 'same frequency as'."
oolong_context_disjoint_cd45_specialization_controls_20260716,metadata_oracle,418040063,262144,timeline,40025,TASK_TYPE.MOST_FREQ,ANSWER_TYPE.LABEL,TASK_TYPE.MOST_FREQ,ANSWER_TYPE.LABEL,true,True,1.0,True,label_most,filter_month;count_label;argmax,,"For the following question, only consider the subset of instances that occur in June of any year. Among instances occuring in June, which of the labels is the most common? Give your final answer in the form 'Label: answer' where answer is one of the labels: True, False."
oolong_context_disjoint_cd45_specialization_controls_20260716,question_parsed,418040063,262144,timeline,40025,TASK_TYPE.MOST_FREQ,ANSWER_TYPE.LABEL,TASK_TYPE.MOST_FREQ,ANSWER_TYPE.LABEL,true,True,1.0,True,label_most,filter_month;count_label;argmax,,"For the following question, only consider the subset of instances that occur in June of any year. Among instances occuring in June, which of the labels is the most common? Give your final answer in the form 'Label: answer' where answer is one of the labels: True, False."
oolong_context_disjoint_cd45_specialization_controls_20260716,wrong_family_rotated,418040063,262144,timeline,40025,TASK_TYPE.NUMERIC_ONE_CLASS,ANSWER_TYPE.NUMERIC,TASK_TYPE.MOST_FREQ,ANSWER_TYPE.LABEL,0,True,0.0,False,numeric_label_count,filter_month;filter_label;count,,"For the following question, only consider the subset of instances that occur in June of any year. Among instances occuring in June, which of the labels is the most common? Give your final answer in the form 'Label: answer' where answer is one of the labels: True, False."
oolong_context_disjoint_cd45_specialization_controls_20260716,generic_label_route,418040063,262144,timeline,40025,TASK_TYPE.MOST_FREQ,ANSWER_TYPE.LABEL,TASK_TYPE.MOST_FREQ,ANSWER_TYPE.LABEL,true,True,1.0,True,label_most,filter_month;count_label;argmax,,"For the following question, only consider the subset of instances that occur in June of any year. Among instances occuring in June, which of the labels is the most common? Give your final answer in the form 'Label: answer' where answer is one of the labels: True, False."
oolong_context_disjoint_cd45_specialization_controls_20260716,metadata_oracle,410040038,1024,user,40001,TASK_TYPE.RELATIVE_FREQ,ANSWER_TYPE.USER,TASK_TYPE.RELATIVE_FREQ,ANSWER_TYPE.USER,91546,91546,1.0,True,user_pair_compare,filter_label;compare_named_user_counts,,"In the above data, which user has more instances with the label False: User 91546 or User 73166? Give your final answer in the form 'User: [X]', where [X] is the user ID."
oolong_context_disjoint_cd45_specialization_controls_20260716,question_parsed,410040038,1024,user,40001,TASK_TYPE.RELATIVE_FREQ,ANSWER_TYPE.USER,TASK_TYPE.RELATIVE_FREQ,ANSWER_TYPE.USER,91546,91546,1.0,True,user_pair_compare,filter_label;compare_named_user_counts,,"In the above data, which user has more instances with the label False: User 91546 or User 73166? Give your final answer in the form 'User: [X]', where [X] is the user ID."
oolong_context_disjoint_cd45_specialization_controls_20260716,wrong_family_rotated,410040038,1024,user,40001,TASK_TYPE.MOST_FREQ,ANSWER_TYPE.DATE,TASK_TYPE.RELATIVE_FREQ,ANSWER_TYPE.USER,"Oct 29, 2023",91546,0.0,False,date_most,count_date;argmax,,"In the above data, which user has more instances with the label False: User 91546 or User 73166? Give your final answer in the form 'User: [X]', where [X] is the user ID."
oolong_context_disjoint_cd45_specialization_controls_20260716,generic_label_route,410040038,1024,user,40001,TASK_TYPE.MOST_FREQ,ANSWER_TYPE.LABEL,TASK_TYPE.RELATIVE_FREQ,ANSWER_TYPE.USER,true,91546,0.0,False,label_most,count_label;argmax,,"In the above data, which user has more instances with the label False: User 91546 or User 73166? Give your final answer in the form 'User: [X]', where [X] is the user ID."
oolong_context_disjoint_cd45_specialization_controls_20260716,metadata_oracle,310030013,1024,user,30000,TASK_TYPE.LEAST_FREQ,ANSWER_TYPE.LABEL,TASK_TYPE.LEAST_FREQ,ANSWER_TYPE.LABEL,business,Business,1.0,True,label_least,filter_user_subset;count_label;argmin,,"For the following question, only consider the subset of instances that are associated with user IDs 29633. Among instances associated with these users, which of the labels is the least common? Give your final answer in the form 'Label: answer' where answer is one of the labels: Business."
oolong_context_disjoint_cd45_specialization_controls_20260716,question_parsed,310030013,1024,user,30000,TASK_TYPE.LEAST_FREQ,ANSWER_TYPE.LABEL,TASK_TYPE.LEAST_FREQ,ANSWER_TYPE.LABEL,business,Business,1.0,True,label_least,filter_user_subset;count_label;argmin,,"For the following question, only consider the subset of instances that are associated with user IDs 29633. Among instances associated with these users, which of the labels is the least common? Give your final answer in the form 'Label: answer' where answer is one of the labels: Business."
oolong_context_disjoint_cd45_specialization_controls_20260716,wrong_family_rotated,310030013,1024,user,30000,TASK_TYPE.MOST_FREQ,ANSWER_TYPE.DATE,TASK_TYPE.LEAST_FREQ,ANSWER_TYPE.LABEL,"Oct 01, 2023",Business,0.0,False,date_most,filter_user_subset;count_date;argmax,,"For the following question, only consider the subset of instances that are associated with user IDs 29633. Among instances associated with these users, which of the labels is the least common? Give your final answer in the form 'Label: answer' where answer is one of the labels: Business."
oolong_context_disjoint_cd45_specialization_controls_20260716,generic_label_route,310030013,1024,user,30000,TASK_TYPE.MOST_FREQ,ANSWER_TYPE.LABEL,TASK_TYPE.LEAST_FREQ,ANSWER_TYPE.LABEL,business,Business,1.0,True,label_most,filter_user_subset;count_label;argmax,,"For the following question, only consider the subset of instances that are associated with user IDs 29633. Among instances associated with these users, which of the labels is the least common? Give your final answer in the form 'Label: answer' where answer is one of the labels: Business."
oolong_context_disjoint_cd45_specialization_controls_20260716,metadata_oracle,610060037,1024,user,60001,TASK_TYPE.NUMERIC_ONE_CLASS,ANSWER_TYPE.NUMERIC,TASK_TYPE.NUMERIC_ONE_CLASS,ANSWER_TYPE.NUMERIC,1,1,1.0,True,numeric_label_count,filter_user_subset;filter_label;count,,"For the following question, only consider the subset of instances that are associated with user IDs 18026. Among instances associated with these users, how many data points should be classified as label 'informal'? Give your final answer in the form 'Answer: number'."
oolong_context_disjoint_cd45_specialization_controls_20260716,question_parsed,610060037,1024,user,60001,TASK_TYPE.NUMERIC_ONE_CLASS,ANSWER_TYPE.NUMERIC,TASK_TYPE.NUMERIC_ONE_CLASS,ANSWER_TYPE.NUMERIC,1,1,1.0,True,numeric_label_count,filter_user_subset;filter_label;count,,"For the following question, only consider the subset of instances that are associated with user IDs 18026. Among instances associated with these users, how many data points should be classified as label 'informal'? Give your final answer in the form 'Answer: number'."
oolong_context_disjoint_cd45_specialization_controls_20260716,wrong_family_rotated,610060037,1024,user,60001,TASK_TYPE.MOST_FREQ,ANSWER_TYPE.DATE,TASK_TYPE.NUMERIC_ONE_CLASS,ANSWER_TYPE.NUMERIC,"Jan 08, 2023",1,0.0,False,date_most,filter_user_subset;count_date;argmax,,"For the following question, only consider the subset of instances that are associated with user IDs 18026. Among instances associated with these users, how many data points should be classified as label 'informal'? Give your final answer in the form 'Answer: number'."
oolong_context_disjoint_cd45_specialization_controls_20260716,generic_label_route,610060037,1024,user,60001,TASK_TYPE.MOST_FREQ,ANSWER_TYPE.LABEL,TASK_TYPE.NUMERIC_ONE_CLASS,ANSWER_TYPE.NUMERIC,informal,1,0.0,False,label_most,filter_user_subset;count_label;argmax,,"For the following question, only consider the subset of instances that are associated with user IDs 18026. Among instances associated with these users, how many data points should be classified as label 'informal'? Give your final answer in the form 'Answer: number'."
oolong_context_disjoint_cd45_specialization_controls_20260716,metadata_oracle,710070033,1024,user,70001,TASK_TYPE.MOST_FREQ,ANSWER_TYPE.USER,TASK_TYPE.MOST_FREQ,ANSWER_TYPE.USER,30364,30364,1.0,True,user_most,count_user;argmax,,"In the above data, which user is represented most often? Give your final answer in the form 'User: [X]', where [X] is the user ID."
oolong_context_disjoint_cd45_specialization_controls_20260716,question_parsed,710070033,1024,user,70001,TASK_TYPE.MOST_FREQ,ANSWER_TYPE.USER,TASK_TYPE.MOST_FREQ,ANSWER_TYPE.USER,30364,30364,1.0,True,user_most,count_user;argmax,,"In the above data, which user is represented most often? Give your final answer in the form 'User: [X]', where [X] is the user ID."
oolong_context_disjoint_cd45_specialization_controls_20260716,wrong_family_rotated,710070033,1024,user,70001,TASK_TYPE.MOST_FREQ,ANSWER_TYPE.DATE,TASK_TYPE.MOST_FREQ,ANSWER_TYPE.USER,"Aug 22, 2024",30364,0.0,False,date_most,count_date;argmax,,"In the above data, which user is represented most often? Give your final answer in the form 'User: [X]', where [X] is the user ID."
oolong_context_disjoint_cd45_specialization_controls_20260716,generic_label_route,710070033,1024,user,70001,TASK_TYPE.MOST_FREQ,ANSWER_TYPE.LABEL,TASK_TYPE.MOST_FREQ,ANSWER_TYPE.USER,entailment,30364,0.0,False,label_most,count_label;argmax,,"In the above data, which user is represented most often? Give your final answer in the form 'User: [X]', where [X] is the user ID."
oolong_context_disjoint_cd45_specialization_controls_20260716,metadata_oracle,710070014,1024,user,70000,TASK_TYPE.NUMERIC_ONE_CLASS,ANSWER_TYPE.NUMERIC,TASK_TYPE.NUMERIC_ONE_CLASS,ANSWER_TYPE.NUMERIC,2,2,1.0,True,numeric_label_count,filter_user_subset;filter_label;count,,"For the following question, only consider the subset of instances that are associated with user IDs 57396. Among instances associated with these users, how many data points should be classified as label 'entailment'? Give your final answer in the form 'Answer: number'."
oolong_context_disjoint_cd45_specialization_controls_20260716,question_parsed,710070014,1024,user,70000,TASK_TYPE.NUMERIC_ONE_CLASS,ANSWER_TYPE.NUMERIC,TASK_TYPE.NUMERIC_ONE_CLASS,ANSWER_TYPE.NUMERIC,2,2,1.0,True,numeric_label_count,filter_user_subset;filter_label;count,,"For the following question, only consider the subset of instances that are associated with user IDs 57396. Among instances associated with these users, how many data points should be classified as label 'entailment'? Give your final answer in the form 'Answer: number'."
oolong_context_disjoint_cd45_specialization_controls_20260716,wrong_family_rotated,710070014,1024,user,70000,TASK_TYPE.MOST_FREQ,ANSWER_TYPE.DATE,TASK_TYPE.NUMERIC_ONE_CLASS,ANSWER_TYPE.NUMERIC,"Sep 22, 2022",2,0.0,False,date_most,filter_user_subset;count_date;argmax,,"For the following question, only consider the subset of instances that are associated with user IDs 57396. Among instances associated with these users, how many data points should be classified as label 'entailment'? Give your final answer in the form 'Answer: number'."
oolong_context_disjoint_cd45_specialization_controls_20260716,generic_label_route,710070014,1024,user,70000,TASK_TYPE.MOST_FREQ,ANSWER_TYPE.LABEL,TASK_TYPE.NUMERIC_ONE_CLASS,ANSWER_TYPE.NUMERIC,neutral,2,0.0,False,label_most,filter_user_subset;count_label;argmax,,"For the following question, only consider the subset of instances that are associated with user IDs 57396. Among instances associated with these users, how many data points should be classified as label 'entailment'? Give your final answer in the form 'Answer: number'."
oolong_context_disjoint_cd45_specialization_controls_20260716,metadata_oracle,312030020,4096,user,30008,TASK_TYPE.MOST_FREQ,ANSWER_TYPE.USER,TASK_TYPE.MOST_FREQ,ANSWER_TYPE.USER,16226,16226,1.0,True,user_most,count_user;argmax,,"In the above data, which user is represented most often? Give your final answer in the form 'User: [X]', where [X] is the user ID."
oolong_context_disjoint_cd45_specialization_controls_20260716,question_parsed,312030020,4096,user,30008,TASK_TYPE.MOST_FREQ,ANSWER_TYPE.USER,TASK_TYPE.MOST_FREQ,ANSWER_TYPE.USER,16226,16226,1.0,True,user_most,count_user;argmax,,"In the above data, which user is represented most often? Give your final answer in the form 'User: [X]', where [X] is the user ID."
oolong_context_disjoint_cd45_specialization_controls_20260716,wrong_family_rotated,312030020,4096,user,30008,TASK_TYPE.MOST_FREQ,ANSWER_TYPE.DATE,TASK_TYPE.MOST_FREQ,ANSWER_TYPE.USER,"Oct 30, 2024",16226,0.0,False,date_most,count_date;argmax,,"In the above data, which user is represented most often? Give your final answer in the form 'User: [X]', where [X] is the user ID."
oolong_context_disjoint_cd45_specialization_controls_20260716,generic_label_route,312030020,4096,user,30008,TASK_TYPE.MOST_FREQ,ANSWER_TYPE.LABEL,TASK_TYPE.MOST_FREQ,ANSWER_TYPE.USER,business,16226,0.0,False,label_most,count_label;argmax,,"In the above data, which user is represented most often? Give your final answer in the form 'User: [X]', where [X] is the user ID."
oolong_context_disjoint_cd45_specialization_controls_20260716,metadata_oracle,712070048,4096,user,70006,TASK_TYPE.MOST_FREQ,ANSWER_TYPE.USER,TASK_TYPE.MOST_FREQ,ANSWER_TYPE.USER,25844,25844,1.0,True,user_by_label,filter_label;arg_user_by_count,,"In the above data, which user has the most instances with the label contradiction? Give your final answer in the form 'User: [X]', where [X] is the user ID."
oolong_context_disjoint_cd45_specialization_controls_20260716,question_parsed,712070048,4096,user,70006,TASK_TYPE.MOST_FREQ,ANSWER_TYPE.USER,TASK_TYPE.MOST_FREQ,ANSWER_TYPE.USER,25844,25844,1.0,True,user_by_label,filter_label;arg_user_by_count,,"In the above data, which user has the most instances with the label contradiction? Give your final answer in the form 'User: [X]', where [X] is the user ID."
oolong_context_disjoint_cd45_specialization_controls_20260716,wrong_family_rotated,712070048,4096,user,70006,TASK_TYPE.MOST_FREQ,ANSWER_TYPE.DATE,TASK_TYPE.MOST_FREQ,ANSWER_TYPE.USER,"Oct 24, 2022",25844,0.0,False,date_most,count_date;argmax,,"In the above data, which user has the most instances with the label contradiction? Give your final answer in the form 'User: [X]', where [X] is the user ID."
oolong_context_disjoint_cd45_specialization_controls_20260716,generic_label_route,712070048,4096,user,70006,TASK_TYPE.MOST_FREQ,ANSWER_TYPE.LABEL,TASK_TYPE.MOST_FREQ,ANSWER_TYPE.USER,entailment,25844,0.0,False,label_most,count_label;argmax,,"In the above data, which user has the most instances with the label contradiction? Give your final answer in the form 'User: [X]', where [X] is the user ID."
oolong_context_disjoint_cd45_specialization_controls_20260716,metadata_oracle,712070018,4096,user,70008,TASK_TYPE.MOST_FREQ,ANSWER_TYPE.LABEL,TASK_TYPE.MOST_FREQ,ANSWER_TYPE.LABEL,entailment,entailment,1.0,True,label_most,filter_user_subset;count_label;argmax,,"For the following question, only consider the subset of instances that are associated with user IDs 88538. Among instances associated with these users, which of the labels is the most common? Give your final answer in the form 'Label: answer' where answer is one of the labels: entailment."
oolong_context_disjoint_cd45_specialization_controls_20260716,question_parsed,712070018,4096,user,70008,TASK_TYPE.MOST_FREQ,ANSWER_TYPE.LABEL,TASK_TYPE.MOST_FREQ,ANSWER_TYPE.LABEL,entailment,entailment,1.0,True,label_most,filter_user_subset;count_label;argmax,,"For the following question, only consider the subset of instances that are associated with user IDs 88538. Among instances associated with these users, which of the labels is the most common? Give your final answer in the form 'Label: answer' where answer is one of the labels: entailment."
oolong_context_disjoint_cd45_specialization_controls_20260716,wrong_family_rotated,712070018,4096,user,70008,TASK_TYPE.MOST_FREQ,ANSWER_TYPE.DATE,TASK_TYPE.MOST_FREQ,ANSWER_TYPE.LABEL,"May 29, 2024",entailment,0.0,False,date_most,filter_user_subset;count_date;argmax,,"For the following question, only consider the subset of instances that are associated with user IDs 88538. Among instances associated with these users, which of the labels is the most common? Give your final answer in the form 'Label: answer' where answer is one of the labels: entailment."
oolong_context_disjoint_cd45_specialization_controls_20260716,generic_label_route,712070018,4096,user,70008,TASK_TYPE.MOST_FREQ,ANSWER_TYPE.LABEL,TASK_TYPE.MOST_FREQ,ANSWER_TYPE.LABEL,entailment,entailment,1.0,True,label_most,filter_user_subset;count_label;argmax,,"For the following question, only consider the subset of instances that are associated with user IDs 88538. Among instances associated with these users, which of the labels is the most common? Give your final answer in the form 'Label: answer' where answer is one of the labels: entailment."
oolong_context_disjoint_cd45_specialization_controls_20260716,metadata_oracle,412040041,4096,user,40006,TASK_TYPE.MOST_FREQ,ANSWER_TYPE.USER,TASK_TYPE.MOST_FREQ,ANSWER_TYPE.USER,82428,28140,0.0,False,user_by_label,filter_label;arg_user_by_count,,"In the above data, which user has the most instances with the label True? Give your final answer in the form 'User: [X]', where [X] is the user ID."
oolong_context_disjoint_cd45_specialization_controls_20260716,question_parsed,412040041,4096,user,40006,TASK_TYPE.MOST_FREQ,ANSWER_TYPE.USER,TASK_TYPE.MOST_FREQ,ANSWER_TYPE.USER,82428,28140,0.0,False,user_by_label,filter_label;arg_user_by_count,,"In the above data, which user has the most instances with the label True? Give your final answer in the form 'User: [X]', where [X] is the user ID."
oolong_context_disjoint_cd45_specialization_controls_20260716,wrong_family_rotated,412040041,4096,user,40006,TASK_TYPE.MOST_FREQ,ANSWER_TYPE.DATE,TASK_TYPE.MOST_FREQ,ANSWER_TYPE.USER,"Dec 09, 2023",28140,0.0,False,date_most,count_date;argmax,,"In the above data, which user has the most instances with the label True? Give your final answer in the form 'User: [X]', where [X] is the user ID."
oolong_context_disjoint_cd45_specialization_controls_20260716,generic_label_route,412040041,4096,user,40006,TASK_TYPE.MOST_FREQ,ANSWER_TYPE.LABEL,TASK_TYPE.MOST_FREQ,ANSWER_TYPE.USER,false,28140,0.0,False,label_most,count_label;argmax,,"In the above data, which user has the most instances with the label True? Give your final answer in the form 'User: [X]', where [X] is the user ID."
oolong_context_disjoint_cd45_specialization_controls_20260716,metadata_oracle,312030051,4096,user,30006,TASK_TYPE.RELATIVE_FREQ,ANSWER_TYPE.USER,TASK_TYPE.RELATIVE_FREQ,ANSWER_TYPE.USER,22165,22165,1.0,True,user_pair_compare,filter_label;compare_named_user_counts,,"In the above data, which user has more instances with the label Sports: User 22165 or User 60374? Give your final answer in the form 'User: [X]', where [X] is the user ID."
oolong_context_disjoint_cd45_specialization_controls_20260716,question_parsed,312030051,4096,user,30006,TASK_TYPE.RELATIVE_FREQ,ANSWER_TYPE.USER,TASK_TYPE.RELATIVE_FREQ,ANSWER_TYPE.USER,22165,22165,1.0,True,user_pair_compare,filter_label;compare_named_user_counts,,"In the above data, which user has more instances with the label Sports: User 22165 or User 60374? Give your final answer in the form 'User: [X]', where [X] is the user ID."
oolong_context_disjoint_cd45_specialization_controls_20260716,wrong_family_rotated,312030051,4096,user,30006,TASK_TYPE.MOST_FREQ,ANSWER_TYPE.DATE,TASK_TYPE.RELATIVE_FREQ,ANSWER_TYPE.USER,"Jan 09, 2025",22165,0.0,False,date_most,count_date;argmax,,"In the above data, which user has more instances with the label Sports: User 22165 or User 60374? Give your final answer in the form 'User: [X]', where [X] is the user ID."
oolong_context_disjoint_cd45_specialization_controls_20260716,generic_label_route,312030051,4096,user,30006,TASK_TYPE.MOST_FREQ,ANSWER_TYPE.LABEL,TASK_TYPE.RELATIVE_FREQ,ANSWER_TYPE.USER,business,22165,0.0,False,label_most,count_label;argmax,,"In the above data, which user has more instances with the label Sports: User 22165 or User 60374? Give your final answer in the form 'User: [X]', where [X] is the user ID."
oolong_context_disjoint_cd45_specialization_controls_20260716,metadata_oracle,418040032,262144,user,40024,TASK_TYPE.LEAST_FREQ,ANSWER_TYPE.LABEL,TASK_TYPE.LEAST_FREQ,ANSWER_TYPE.LABEL,true,True,1.0,True,label_least,filter_user_subset;count_label;argmin,,"For the following question, only consider the subset of instances that are associated with user IDs 77373. Among instances associated with these users, which of the labels is the least common? Give your final answer in the form 'Label: answer' where answer is one of the labels: True, False."
oolong_context_disjoint_cd45_specialization_controls_20260716,question_parsed,418040032,262144,user,40024,TASK_TYPE.LEAST_FREQ,ANSWER_TYPE.LABEL,TASK_TYPE.LEAST_FREQ,ANSWER_TYPE.LABEL,true,True,1.0,True,label_least,filter_user_subset;count_label;argmin,,"For the following question, only consider the subset of instances that are associated with user IDs 77373. Among instances associated with these users, which of the labels is the least common? Give your final answer in the form 'Label: answer' where answer is one of the labels: True, False."
oolong_context_disjoint_cd45_specialization_controls_20260716,wrong_family_rotated,418040032,262144,user,40024,TASK_TYPE.MOST_FREQ,ANSWER_TYPE.DATE,TASK_TYPE.LEAST_FREQ,ANSWER_TYPE.LABEL,"Apr 08, 2022",True,0.0,False,date_most,filter_user_subset;count_date;argmax,,"For the following question, only consider the subset of instances that are associated with user IDs 77373. Among instances associated with these users, which of the labels is the least common? Give your final answer in the form 'Label: answer' where answer is one of the labels: True, False."
oolong_context_disjoint_cd45_specialization_controls_20260716,generic_label_route,418040032,262144,user,40024,TASK_TYPE.MOST_FREQ,ANSWER_TYPE.LABEL,TASK_TYPE.LEAST_FREQ,ANSWER_TYPE.LABEL,false,True,0.0,False,label_most,filter_user_subset;count_label;argmax,,"For the following question, only consider the subset of instances that are associated with user IDs 77373. Among instances associated with these users, which of the labels is the least common? Give your final answer in the form 'Label: answer' where answer is one of the labels: True, False."
oolong_context_disjoint_cd45_specialization_controls_20260716,metadata_oracle,618060211,262144,user,60001,TASK_TYPE.NUMERIC_ONE_CLASS,ANSWER_TYPE.NUMERIC,TASK_TYPE.NUMERIC_ONE_CLASS,ANSWER_TYPE.NUMERIC,20,20,1.0,True,numeric_label_count,filter_user_subset;filter_label;count,,"For the following question, only consider the subset of instances that are associated with user IDs 69755. Among instances associated with these users, how many data points should be classified as label 'informal'? Give your final answer in the form 'Answer: number'."
oolong_context_disjoint_cd45_specialization_controls_20260716,question_parsed,618060211,262144,user,60001,TASK_TYPE.NUMERIC_ONE_CLASS,ANSWER_TYPE.NUMERIC,TASK_TYPE.NUMERIC_ONE_CLASS,ANSWER_TYPE.NUMERIC,20,20,1.0,True,numeric_label_count,filter_user_subset;filter_label;count,,"For the following question, only consider the subset of instances that are associated with user IDs 69755. Among instances associated with these users, how many data points should be classified as label 'informal'? Give your final answer in the form 'Answer: number'."
oolong_context_disjoint_cd45_specialization_controls_20260716,wrong_family_rotated,618060211,262144,user,60001,TASK_TYPE.MOST_FREQ,ANSWER_TYPE.DATE,TASK_TYPE.NUMERIC_ONE_CLASS,ANSWER_TYPE.NUMERIC,"Oct 16, 2023",20,0.0,False,date_most,filter_user_subset;count_date;argmax,,"For the following question, only consider the subset of instances that are associated with user IDs 69755. Among instances associated with these users, how many data points should be classified as label 'informal'? Give your final answer in the form 'Answer: number'."
oolong_context_disjoint_cd45_specialization_controls_20260716,generic_label_route,618060211,262144,user,60001,TASK_TYPE.MOST_FREQ,ANSWER_TYPE.LABEL,TASK_TYPE.NUMERIC_ONE_CLASS,ANSWER_TYPE.NUMERIC,informal,20,0.0,False,label_most,filter_user_subset;count_label;argmax,,"For the following question, only consider the subset of instances that are associated with user IDs 69755. Among instances associated with these users, how many data points should be classified as label 'informal'? Give your final answer in the form 'Answer: number'."
oolong_context_disjoint_cd45_specialization_controls_20260716,metadata_oracle,418040058,262144,user,40025,TASK_TYPE.NUMERIC_ONE_CLASS,ANSWER_TYPE.NUMERIC,TASK_TYPE.NUMERIC_ONE_CLASS,ANSWER_TYPE.NUMERIC,11,12,0.75,False,numeric_label_count,filter_user_subset;filter_label;count,,"For the following question, only consider the subset of instances that are associated with user IDs 34757. Among instances associated with these users, how many data points should be classified as label 'True'? Give your final answer in the form 'Answer: number'."
oolong_context_disjoint_cd45_specialization_controls_20260716,question_parsed,418040058,262144,user,40025,TASK_TYPE.NUMERIC_ONE_CLASS,ANSWER_TYPE.NUMERIC,TASK_TYPE.NUMERIC_ONE_CLASS,ANSWER_TYPE.NUMERIC,11,12,0.75,False,numeric_label_count,filter_user_subset;filter_label;count,,"For the following question, only consider the subset of instances that are associated with user IDs 34757. Among instances associated with these users, how many data points should be classified as label 'True'? Give your final answer in the form 'Answer: number'."
oolong_context_disjoint_cd45_specialization_controls_20260716,wrong_family_rotated,418040058,262144,user,40025,TASK_TYPE.MOST_FREQ,ANSWER_TYPE.DATE,TASK_TYPE.NUMERIC_ONE_CLASS,ANSWER_TYPE.NUMERIC,"Feb 14, 2025",12,0.0,False,date_most,filter_user_subset;count_date;argmax,,"For the following question, only consider the subset of instances that are associated with user IDs 34757. Among instances associated with these users, how many data points should be classified as label 'True'? Give your final answer in the form 'Answer: number'."
oolong_context_disjoint_cd45_specialization_controls_20260716,generic_label_route,418040058,262144,user,40025,TASK_TYPE.MOST_FREQ,ANSWER_TYPE.LABEL,TASK_TYPE.NUMERIC_ONE_CLASS,ANSWER_TYPE.NUMERIC,true,12,0.0,False,label_most,filter_user_subset;count_label;argmax,,"For the following question, only consider the subset of instances that are associated with user IDs 34757. Among instances associated with these users, how many data points should be classified as label 'True'? Give your final answer in the form 'Answer: number'."
oolong_context_disjoint_cd45_specialization_controls_20260716,metadata_oracle,218020061,262144,user,20025,TASK_TYPE.MOST_FREQ,ANSWER_TYPE.USER,TASK_TYPE.MOST_FREQ,ANSWER_TYPE.USER,39309,39309,1.0,True,user_by_label,filter_label;arg_user_by_count,,"In the above data, which user has the most instances with the label positive? Give your final answer in the form 'User: [X]', where [X] is the user ID."
oolong_context_disjoint_cd45_specialization_controls_20260716,question_parsed,218020061,262144,user,20025,TASK_TYPE.MOST_FREQ,ANSWER_TYPE.USER,TASK_TYPE.MOST_FREQ,ANSWER_TYPE.USER,39309,39309,1.0,True,user_by_label,filter_label;arg_user_by_count,,"In the above data, which user has the most instances with the label positive? Give your final answer in the form 'User: [X]', where [X] is the user ID."
oolong_context_disjoint_cd45_specialization_controls_20260716,wrong_family_rotated,218020061,262144,user,20025,TASK_TYPE.MOST_FREQ,ANSWER_TYPE.DATE,TASK_TYPE.MOST_FREQ,ANSWER_TYPE.USER,"Sep 01, 2022",39309,0.0,False,date_most,count_date;argmax,,"In the above data, which user has the most instances with the label positive? Give your final answer in the form 'User: [X]', where [X] is the user ID."
oolong_context_disjoint_cd45_specialization_controls_20260716,generic_label_route,218020061,262144,user,20025,TASK_TYPE.MOST_FREQ,ANSWER_TYPE.LABEL,TASK_TYPE.MOST_FREQ,ANSWER_TYPE.USER,positive,39309,0.0,False,label_most,count_label;argmax,,"In the above data, which user has the most instances with the label positive? Give your final answer in the form 'User: [X]', where [X] is the user ID."
oolong_context_disjoint_cd45_specialization_controls_20260716,metadata_oracle,318030064,262144,user,30025,TASK_TYPE.RELATIVE_FREQ,ANSWER_TYPE.COMPARISON,TASK_TYPE.RELATIVE_FREQ,ANSWER_TYPE.COMPARISON,more common than,more common than,1.0,True,label_compare,filter_user_subset;count_label;compare,,"For the following question, only consider the subset of instances that are associated with user IDs 15666. Among instances associated with these users, is label 'World' more common, less common, or the same frequency as label 'Sports'? Give your final answer in the form 'Answer: World is [X] Sports', where [X] is 'more common than', 'less common than', or 'same frequency as'."
oolong_context_disjoint_cd45_specialization_controls_20260716,question_parsed,318030064,262144,user,30025,TASK_TYPE.RELATIVE_FREQ,ANSWER_TYPE.COMPARISON,TASK_TYPE.RELATIVE_FREQ,ANSWER_TYPE.COMPARISON,more common than,more common than,1.0,True,label_compare,filter_user_subset;count_label;compare,,"For the following question, only consider the subset of instances that are associated with user IDs 15666. Among instances associated with these users, is label 'World' more common, less common, or the same frequency as label 'Sports'? Give your final answer in the form 'Answer: World is [X] Sports', where [X] is 'more common than', 'less common than', or 'same frequency as'."
oolong_context_disjoint_cd45_specialization_controls_20260716,wrong_family_rotated,318030064,262144,user,30025,TASK_TYPE.MOST_FREQ,ANSWER_TYPE.DATE,TASK_TYPE.RELATIVE_FREQ,ANSWER_TYPE.COMPARISON,"Aug 23, 2023",more common than,0.0,False,date_most,filter_user_subset;count_date;argmax,,"For the following question, only consider the subset of instances that are associated with user IDs 15666. Among instances associated with these users, is label 'World' more common, less common, or the same frequency as label 'Sports'? Give your final answer in the form 'Answer: World is [X] Sports', where [X] is 'more common than', 'less common than', or 'same frequency as'."
oolong_context_disjoint_cd45_specialization_controls_20260716,generic_label_route,318030064,262144,user,30025,TASK_TYPE.MOST_FREQ,ANSWER_TYPE.LABEL,TASK_TYPE.RELATIVE_FREQ,ANSWER_TYPE.COMPARISON,world,more common than,0.0,False,label_most,filter_user_subset;count_label;argmax,,"For the following question, only consider the subset of instances that are associated with user IDs 15666. Among instances associated with these users, is label 'World' more common, less common, or the same frequency as label 'Sports'? Give your final answer in the form 'Answer: World is [X] Sports', where [X] is 'more common than', 'less common than', or 'same frequency as'."
