scope,method,n,exact_count,exact_rate,score_sum,mean_score,cost_usd,cost_per_exact_usd,errors
matched_smoke15,slm_qparsed_typed,15,9,0.6,9.8679,0.65786,0.012692,0.00141,0
group:user,slm_qparsed_typed,5,3,0.6,3.0,0.6,0.004435,0.001478,0
group:timeline,slm_qparsed_typed,5,3,0.6,3.75,0.75,0.003699,0.001233,0
group:counting,slm_qparsed_typed,5,3,0.6,3.1179,0.62358,0.004558,0.001519,0
matched_smoke15,standard_rlm,15,7,0.466667,7.2379,0.482527,0.162989,0.023284,0
group:user,standard_rlm,5,3,0.6,3.0,0.6,0.061378,0.020459,0
group:timeline,standard_rlm,5,3,0.6,3.0,0.6,0.057561,0.019187,0
group:counting,standard_rlm,5,1,0.2,1.2379,0.24758,0.04405,0.04405,0
matched_smoke15,direct_controller,15,9,0.6,9.6667,0.644447,0.03035,0.003372,0
group:user,direct_controller,5,4,0.8,4.0,0.8,0.01001,0.002502,0
group:timeline,direct_controller,5,2,0.4,2.4219,0.48438,0.009964,0.004982,0
group:counting,direct_controller,5,3,0.6,3.2448,0.64896,0.010376,0.003459,0
matched_smoke15,lambda_rlm,15,0,0.0,0.0,0.0,0.062246,,0
group:user,lambda_rlm,5,0,0.0,0.0,0.0,0.020394,,0
group:timeline,lambda_rlm,5,0,0.0,0.0,0.0,0.01862,,0
group:counting,lambda_rlm,5,0,0.0,0.0,0.0,0.023232,,0
matched_smoke15,prehend_srlm,15,7,0.466667,7.005231,0.467015,0.075803,0.010829,0
group:user,prehend_srlm,5,3,0.6,3.0,0.6,0.030714,0.010238,0
group:timeline,prehend_srlm,5,2,0.4,2.0,0.4,0.024129,0.012064,0
group:counting,prehend_srlm,5,2,0.4,2.005231,0.401046,0.02096,0.01048,0
