method,context_len,n,mean_score,exact_rate,corrected_cost_usd,raw_logged_cost_usd,errors,mean_row_label_accuracy
slm_labeler_typed,8192,24,0.713375,0.666667,0.019886,0.019884,0,0.842424
slm_labeler_typed,16384,24,0.822992,0.791667,0.041375,0.041376,0,0.846779
slm_labeler_typed,32768,24,0.771279,0.666667,0.085223,0.085223,0,0.859768
slm_labeler_typed,65536,24,0.689579,0.625,0.176837,0.176838,0,0.821493
slm_labeler_typed,131072,24,0.638121,0.583333,0.335674,0.335673,0,0.844282
standard_rlm,8192,24,0.598983,0.583333,0.252837,0.252837,0,
standard_rlm,16384,24,0.523492,0.5,0.235581,0.235581,0,
standard_rlm,32768,24,0.595867,0.541667,0.412515,0.412515,1,
standard_rlm,65536,24,0.255767,0.166667,0.446445,0.446445,5,
standard_rlm,131072,24,0.471354,0.416667,1.340962,1.340962,3,
