rollout,method,example_id,task_group,context_len,prediction,gold,correct,cost_usd,latency_s,error
base_n45,slm_labeler_typed,513050058,counting,8192,less common than,less common than,1.0,0.00078,0,
base_n45,slm_labeler_typed,613060055,timeline,8192,4,4,1.0,0.000942,0,
base_n45,slm_labeler_typed,213020016,user,8192,positive,positive,1.0,0.000364,0,
base_n45,direct_controller,513050058,counting,8192,more common than,less common than,0.0,0.0019174,3.087,
base_n45,direct_controller,613060055,timeline,8192,10,4,0.178,0.0019622,0.617,
base_n45,direct_controller,213020016,user,8192,positive,positive,1.0,0.0014961,0.611,
base_n45,rlm,513050058,counting,8192,less common than,less common than,1.0,0.020107,0,
base_n45,rlm,613060055,timeline,8192,4,4,1.0,0.126778,0,
base_n45,rlm,213020016,user,8192,positive,positive,1.0,0.00634,0,
replay_rollout1,slm_labeler_typed,513050058,counting,8192,less common than,less common than,1.0,0.00077955,50.012,
replay_rollout1,direct_controller,513050058,counting,8192,more common than,less common than,0.0,0.0019174,2.183,
replay_rollout1,slm_labeler_typed,613060055,timeline,8192,4,4,1.0,0.00094203,30.153,
replay_rollout1,direct_controller,613060055,timeline,8192,10,4,0.178,0.0019622,0.772,
replay_rollout1,slm_labeler_typed,213020016,user,8192,positive,positive,1.0,0.00036396,3.494,
replay_rollout1,direct_controller,213020016,user,8192,positive,positive,1.0,0.0014961,1.347,
replay_rollout1,rlm,513050058,counting,8192,"I am unable to determine the frequencies of 'Health' and 'Family & Relationships' labels because the `llm_query` and `llm_query_batched` functions are not callable, returning a `TypeError: 'NoneType' object is not callable`. These functions are essential for classifying the questions and extracting the labels needed to answer the query.",less common than,0.0,0.01392151,25.0,
replay_rollout1,rlm,613060055,timeline,8192,6,4,0.5625,0.00778,22.034,
replay_rollout1,rlm,213020016,user,8192,"Error: Unable to parse the original context string due to persistent environment state issues (the 'context' variable was overwritten and could not be restored to its original string content). Therefore, cannot accurately determine the least common label.",positive,0.0,0.03611472,81.809,
replay_rollout2,slm_labeler_typed,513050058,counting,8192,less common than,less common than,1.0,0.00077955,54.634,
replay_rollout2,direct_controller,513050058,counting,8192,more common than,less common than,0.0,0.0019174,0.948,
replay_rollout2,slm_labeler_typed,613060055,timeline,8192,4,4,1.0,0.00094269,18.868,
replay_rollout2,direct_controller,613060055,timeline,8192,10,4,0.178,0.0019622,0.522,
replay_rollout2,slm_labeler_typed,213020016,user,8192,positive,positive,1.0,0.00036396,2.622,
replay_rollout2,direct_controller,213020016,user,8192,positive,positive,1.0,0.0014961,0.629,
