example_id,domain,query,gold_count,n_total,context_sha256,direct_prompt_sha256
R22_clinicia_00,clinician_burnout_reduction,studies reporting improvement in clinician burnout levels,3,8,74f7b8074a66bcff8f4dd8280f0783aa59eccff6911d564e9adcb250a8f3aece,6f27cbbb54ebe47a0586fd723bad49f46a172819197e8f5cea3970a183b14393
R22_clinicia_01,clinician_burnout_reduction,studies reporting improvement in clinician burnout levels,3,7,1a5ed11c1c319a994f79cc251a292b57799f121b2bbed615042bdc0a95fc4d85,fdc9d82676359087c17a4f927bc7a90e980af0536f12879c53928339fc7c2042
R22_clinicia_02,clinician_burnout_reduction,studies reporting improvement in clinician burnout levels,2,7,11c315f1249b736b0c5e43b170abb3af0da499bb20da435a22a73c551204d02b,4c329336cda2fe87be7ceecab4cd39ec509bf669bf7d360b1ecc9b7c6c0f2084
R22_clinicia_03,clinician_burnout_reduction,studies reporting improvement in clinician burnout levels,3,6,e864c9e60d4e28c1fdf477fe114a8da386d5841888fd22e8dd8f59357df8c6b5,a2b6877b7551fb662e932245f56f9b01e8f6522faba2d55f7b726058521f1b34
R22_clinicia_04,clinician_burnout_reduction,studies reporting improvement in clinician burnout levels,4,8,6c66ea272cdea2d664cf3ddbf6286e55cb698c6cc88c356b59d2577b1786ff6d,24095c51143f32c749be1887ef87a5ecbb806588b37df7a8e926ade266a376db
R22_clinicia_05,clinician_burnout_reduction,studies reporting improvement in clinician burnout levels,2,5,91ce361786009b5a0226beef0581adb99ed83c05a4a43cfd74b5ec0b91a4399f,d0b987c41b4dbf8ad4ec9d799e0cb6caec099f5b852395204bdb8db0a4265b30
R22_clinicia_06,clinician_burnout_reduction,studies reporting improvement in clinician burnout levels,2,6,24042051466950c3441084b8608b6acefc9774632ac4276e96ee933499ee6a5a,6d73d566d2470828ed5074d0ef1f7b6d6244728e9bf06b70ce9fc372801ba3ac
R22_clinicia_07,clinician_burnout_reduction,studies reporting improvement in clinician burnout levels,2,6,8352dbcbc45d53cd5a1f1dc85ead47ab9d0015a42180e8749af27b9397bbf876,9119bc2fd853d4f2e817c12ded510538c57b09f37b7d6257b2372b5d5fcf8b65
R22_clinicia_08,clinician_burnout_reduction,studies reporting improvement in clinician burnout levels,4,9,9484a32845f52b041ea4476543b9ef4dea561b6946319d4e30da9260e64dce8f,ebdd6fbc088e31e57753a0c616a38eafb7b699ed610f47eb56a2bb3c970ae15b
R22_clinicia_09,clinician_burnout_reduction,studies reporting improvement in clinician burnout levels,3,8,a98cd3914013bd7a7682270f02e95c3511e0793622abd42ab916c2f76d4f6c19,4dd9f14d2954b30308ce7610f2b26e201b1934f75a189f781c7843532e937473
R22_diagnost_00,diagnostic_error_reduction,research showing fewer diagnostic errors or improved diagnostic accuracy,4,8,0cf44b8967a28e76292ee780d7bc7abfb308359ae58fb8d0f49e27a01e693a7f,8a116a8c75c10d8494ce3b9cd7e755b38dface705b4b66d04b56cb0b5259342f
R22_diagnost_01,diagnostic_error_reduction,research showing fewer diagnostic errors or improved diagnostic accuracy,2,6,bd5ab85b217d18c33dab655fc0e56d5be81c7b2c60a530aabb2369f40b19bdaa,3095038cf90f1de0febc677c70c8bfa9cc846b80ec96ca8357c5c9fef0a5799f
R22_diagnost_02,diagnostic_error_reduction,research showing fewer diagnostic errors or improved diagnostic accuracy,2,7,b1a8d12bb379e825b622c1f320bc0aff3df593579cebd6205c7b205c107e2180,7c55a0335359e17fcd812d4d13cc1adb182b1096ec289f0f2b99987afb6b32d6
R22_diagnost_03,diagnostic_error_reduction,research showing fewer diagnostic errors or improved diagnostic accuracy,3,8,26d9e3923e815c179e444f36b87fc39737f955b6020c24be7f90c885a5964458,cde5fef4175f1c44d1aa8c413a364b5638dc87227ec3f08029f737e9c32b6376
R22_diagnost_04,diagnostic_error_reduction,research showing fewer diagnostic errors or improved diagnostic accuracy,2,6,916578b9f0b02ef107430fc70712a574048a9b36244b04c038d0c409daca96af,28fdf23f0a6ed4644558b54b9e97a63275524143c3decf953d2118585ea61235
R22_diagnost_05,diagnostic_error_reduction,research showing fewer diagnostic errors or improved diagnostic accuracy,3,7,bd6c7f58c790c41fb65b93d2d3fbf4fdc61bf1b0fea6018e389f7f31a753a1a8,517810bc9e5894f2da31cfd3f155fce849e5930005e124c593474edd870a23de
R22_diagnost_06,diagnostic_error_reduction,research showing fewer diagnostic errors or improved diagnostic accuracy,3,6,5223e36f9aae6e1bf20eba02a72ab16f94fc5a64e1d8afbaa2abbd585f74ebf0,6c2e82fbffb06f4c4003904acbb802312a665db371fe2180d36b10d2f753b7fa
R22_diagnost_07,diagnostic_error_reduction,research showing fewer diagnostic errors or improved diagnostic accuracy,3,6,39a27bc87b238fa833b14987d89f225261a2098f21091b9f45cb981c7367b7b5,0bc006cbd7e27fb9dd08feafe0278205bb95ba2adac3fc857579feba9caf8c90
R22_diagnost_08,diagnostic_error_reduction,research showing fewer diagnostic errors or improved diagnostic accuracy,4,8,b707d5e51dc9c6ac514362961f490dd89a660abd3ae6e039494b5c86f267949f,e396e45d14398b30bbe9e07b5943f4db461a3c247784deb3b372f2019aaaa0c1
R22_diagnost_09,diagnostic_error_reduction,research showing fewer diagnostic errors or improved diagnostic accuracy,3,7,80d3da66d47734a6e325d0bdd865c6d3a4f1b57f769227e3671c8c7ce1e3ba20,efcc552e5c2f1e3448676532f1582f4436aa7208c39112454ee1d1c307c1e2ab
