example_id,domain,seed,stable_domain_offset,query,gold_count,n_gold,n_foil,n_dist,n_total,context_sha256
TMIXED_CC_clinicia_00,clinician_burnout_reduction,0,68,studies reporting improvement in clinician burnout levels,4,4,2,4,10,1f27b571cb5ebad4c002a5b7a155e8bb395f51de10a246cba50ab0f78073c45a
TMIXED_CC_clinicia_01,clinician_burnout_reduction,1,68,studies reporting improvement in clinician burnout levels,4,4,1,4,9,85050c03c73e4c315d78b1460a489ce5545e80449d3725d30ca2d0d59ff2ae1f
TMIXED_CC_clinicia_02,clinician_burnout_reduction,2,68,studies reporting improvement in clinician burnout levels,4,4,2,2,8,97e7cbdfa1d955d1161de52796b87601f64e8e9f240b7e805ee8d23de451906d
TMIXED_CC_clinicia_03,clinician_burnout_reduction,3,68,studies reporting improvement in clinician burnout levels,3,3,1,2,6,f888799675de2a7352b3cc36c27664c0c19d44d6bfb35b01ae166bfb1f4e554e
TMIXED_CC_clinicia_04,clinician_burnout_reduction,4,68,studies reporting improvement in clinician burnout levels,2,2,2,2,6,d438b4f2c106cca72f6c7cd8c97c589e38beb89809437f811723b303d9a1b1c7
TMIXED_CC_clinicia_05,clinician_burnout_reduction,5,68,studies reporting improvement in clinician burnout levels,2,2,1,4,7,6dd34f4f4babfd0c50c8fc867d2905b1cbd51a5d0fcf4a3f27e978701a226f6c
TMIXED_CC_clinicia_06,clinician_burnout_reduction,6,68,studies reporting improvement in clinician burnout levels,3,3,1,2,6,226c16caf97067d288f6e005db5a0a58ae07d36f2f75b1e6907ac5c08ab643ce
TMIXED_CC_clinicia_07,clinician_burnout_reduction,7,68,studies reporting improvement in clinician burnout levels,2,2,2,3,7,f2735a88685aa3ca795b50733b34e25365c0f3e5619b234b79b74628e589abfb
TMIXED_CC_clinicia_08,clinician_burnout_reduction,8,68,studies reporting improvement in clinician burnout levels,3,3,1,3,7,82d604b4fc3079fe004f827447f07131e1419ab91e9433ea15b399f4f90168b5
TMIXED_CC_clinicia_09,clinician_burnout_reduction,9,68,studies reporting improvement in clinician burnout levels,2,2,2,4,8,2b09b238bb5d4304e944f32bf0c54d2f68aacf77e4791ab0c1e32ddf86c89d78
TMIXED_CC_clinicia_10,clinician_burnout_reduction,10,68,studies reporting improvement in clinician burnout levels,3,3,2,2,7,ee7f21e6a62dc95f115d9c4d3b15256c1246ac9b3de7c7545258da2631328731
TMIXED_CC_clinicia_11,clinician_burnout_reduction,11,68,studies reporting improvement in clinician burnout levels,4,4,1,4,9,e2a103cacdd7158b7972cad3e4336ae5986362dec4f731351f75f142b02b51f0
TMIXED_CC_clinicia_12,clinician_burnout_reduction,12,68,studies reporting improvement in clinician burnout levels,2,2,1,2,5,cccd22752d786b808d7c8d41082a6ebcb9f674b88b20848cbf286702e15f97fd
TMIXED_CC_clinicia_13,clinician_burnout_reduction,13,68,studies reporting improvement in clinician burnout levels,2,2,1,4,7,a80a307519fb94dbc9dbfe0ee9e27009158e8853c73dc9131f80815cc0d18a0a
TMIXED_CC_clinicia_14,clinician_burnout_reduction,14,68,studies reporting improvement in clinician burnout levels,4,4,1,3,8,b2c4765f274b48bb078b9be59b877fd0b64853dc7dcaa528b67c0d791400a7d1
TMIXED_CC_diagnost_00,diagnostic_error_reduction,0,87,research showing fewer diagnostic errors or improved diagnostic accuracy,2,2,1,4,7,ffee078f1973c3a935daf0067ede38cbb35fcfd2b4b262d8dbbf2a1c0a2e4701
TMIXED_CC_diagnost_01,diagnostic_error_reduction,1,87,research showing fewer diagnostic errors or improved diagnostic accuracy,3,3,2,4,9,bb2e0db2e4509cbf8c1fbaaebadcc6895896897cfb3ba36bdaad04c731c70b26
TMIXED_CC_diagnost_02,diagnostic_error_reduction,2,87,research showing fewer diagnostic errors or improved diagnostic accuracy,4,4,1,3,8,741b4f181b7e9cffb80d5a3155fe88d0f4ca5a5a0c098c5698a144658414d152
TMIXED_CC_diagnost_03,diagnostic_error_reduction,3,87,research showing fewer diagnostic errors or improved diagnostic accuracy,3,3,1,2,6,b72f5e10967f2e0eaf42b85d934c2af00fea1b99a7b735704e9293437e503195
TMIXED_CC_diagnost_04,diagnostic_error_reduction,4,87,research showing fewer diagnostic errors or improved diagnostic accuracy,4,4,2,3,9,b11c29c6c56a9cb1a6895432bb978eba8dca3cb5a0d3f50162d1febc868d4fb6
TMIXED_CC_diagnost_05,diagnostic_error_reduction,5,87,research showing fewer diagnostic errors or improved diagnostic accuracy,4,4,2,2,8,11dcad15705ae5b4258c3fa028d62f1e1123333740d489b7914f5b3eb457de6c
TMIXED_CC_diagnost_06,diagnostic_error_reduction,6,87,research showing fewer diagnostic errors or improved diagnostic accuracy,3,3,1,4,8,cff4af6cc208898a57da381a4cbfc07bd2c9f29a5871e6e79eff121a32caeeff
TMIXED_CC_diagnost_07,diagnostic_error_reduction,7,87,research showing fewer diagnostic errors or improved diagnostic accuracy,3,3,2,4,9,ca82afeaac2cf81850298bf05e95af08c6ec9d5120552066690e83fb2d3dfbcc
TMIXED_CC_diagnost_08,diagnostic_error_reduction,8,87,research showing fewer diagnostic errors or improved diagnostic accuracy,3,3,2,3,8,14a3c9443f68559c3344b3b4ae313c4a6a69449bf0aecc176cce5139f4d4ff1c
TMIXED_CC_diagnost_09,diagnostic_error_reduction,9,87,research showing fewer diagnostic errors or improved diagnostic accuracy,4,4,1,2,7,b7b9562ae8846b2b84639ec715811e697f2a69553de75fc535c02f05240323d5
TMIXED_CC_diagnost_10,diagnostic_error_reduction,10,87,research showing fewer diagnostic errors or improved diagnostic accuracy,2,2,1,3,6,246556f7d80098fe8bcb475a21fa0cd256ea5569aae6234b6ece9f9729b2398b
TMIXED_CC_diagnost_11,diagnostic_error_reduction,11,87,research showing fewer diagnostic errors or improved diagnostic accuracy,4,4,2,2,8,afabf850ddec686d3e53e0c496158c521de03fe7159772494c7c6f27e6a86311
TMIXED_CC_diagnost_12,diagnostic_error_reduction,12,87,research showing fewer diagnostic errors or improved diagnostic accuracy,3,3,1,2,6,28f3ddb072573a743036d0331a50824c86b70317920d3230a6ce152d0699030e
TMIXED_CC_diagnost_13,diagnostic_error_reduction,13,87,research showing fewer diagnostic errors or improved diagnostic accuracy,2,2,2,2,6,05758c405c5033d1ddec915c5a240e4562ce9488c69c2fd51c0b7046e54b5f65
TMIXED_CC_diagnost_14,diagnostic_error_reduction,14,87,research showing fewer diagnostic errors or improved diagnostic accuracy,2,2,2,2,6,8589ac363e0090b1356e426323013406518c24ac529d1325f05ee3bc9502125b
