run_id,example_id,domain,gold_count,n_total,query,direct_gemini_pred,direct_gemini_correct,direct_gemini_cost_usd,direct_gemini_error,rlm_content_json_contract_pred,rlm_content_json_contract_correct,rlm_content_json_contract_cost_usd,rlm_content_json_contract_error,rlm_content_json_contract_finalized
tmixed_current_contract_n30_20260714,TMIXED_CC_clinicia_00,clinician_burnout_reduction,4,10,studies reporting improvement in clinician burnout levels,4,True,0.0007941,,4,True,0.0033748800000000002,,True
tmixed_current_contract_n30_20260714,TMIXED_CC_clinicia_01,clinician_burnout_reduction,4,9,studies reporting improvement in clinician burnout levels,4,True,0.0008636,,4,True,0.0028062,,True
tmixed_current_contract_n30_20260714,TMIXED_CC_clinicia_02,clinician_burnout_reduction,4,8,studies reporting improvement in clinician burnout levels,4,True,0.0004835,,3,False,0.002906,,True
tmixed_current_contract_n30_20260714,TMIXED_CC_clinicia_03,clinician_burnout_reduction,3,6,studies reporting improvement in clinician burnout levels,3,True,0.0007119,,3,True,0.0037176,,True
tmixed_current_contract_n30_20260714,TMIXED_CC_clinicia_04,clinician_burnout_reduction,2,6,studies reporting improvement in clinician burnout levels,2,True,0.0006219,,1,False,0.0031371,,True
tmixed_current_contract_n30_20260714,TMIXED_CC_clinicia_05,clinician_burnout_reduction,2,7,studies reporting improvement in clinician burnout levels,2,True,0.0008062,,7,False,0.0075974,,True
tmixed_current_contract_n30_20260714,TMIXED_CC_clinicia_06,clinician_burnout_reduction,3,6,studies reporting improvement in clinician burnout levels,3,True,0.0005279,,2,False,0.004079900000000001,,True
tmixed_current_contract_n30_20260714,TMIXED_CC_clinicia_07,clinician_burnout_reduction,2,7,studies reporting improvement in clinician burnout levels,2,True,0.0006559,,2,True,0.0021316,,True
tmixed_current_contract_n30_20260714,TMIXED_CC_clinicia_08,clinician_burnout_reduction,3,7,studies reporting improvement in clinician burnout levels,3,True,0.0006351,,3,True,0.0024166,,True
tmixed_current_contract_n30_20260714,TMIXED_CC_clinicia_09,clinician_burnout_reduction,2,8,studies reporting improvement in clinician burnout levels,2,True,0.0006344,,1,False,0.0022525000000000006,,True
tmixed_current_contract_n30_20260714,TMIXED_CC_clinicia_10,clinician_burnout_reduction,3,7,studies reporting improvement in clinician burnout levels,3,True,0.0006782,,3,True,0.00327097,,True
tmixed_current_contract_n30_20260714,TMIXED_CC_clinicia_11,clinician_burnout_reduction,4,9,studies reporting improvement in clinician burnout levels,4,True,0.0008615,,3,False,0.0039545,,True
tmixed_current_contract_n30_20260714,TMIXED_CC_clinicia_12,clinician_burnout_reduction,2,5,studies reporting improvement in clinician burnout levels,2,True,0.0005533,,0,False,0.0029847999999999993,,True
tmixed_current_contract_n30_20260714,TMIXED_CC_clinicia_13,clinician_burnout_reduction,2,7,studies reporting improvement in clinician burnout levels,2,True,0.0007711,,-1,False,0.0,CancellationError('Execution cancelled by user (Ctrl+C)'),False
tmixed_current_contract_n30_20260714,TMIXED_CC_clinicia_14,clinician_burnout_reduction,4,8,studies reporting improvement in clinician burnout levels,4,True,0.0009507,,4,True,0.0027757,,True
tmixed_current_contract_n30_20260714,TMIXED_CC_diagnost_00,diagnostic_error_reduction,2,7,research showing fewer diagnostic errors or improved diagnostic accuracy,2,True,0.0008949,,2,True,0.0031712,,True
tmixed_current_contract_n30_20260714,TMIXED_CC_diagnost_01,diagnostic_error_reduction,3,9,research showing fewer diagnostic errors or improved diagnostic accuracy,3,True,0.0007621,,3,True,0.0031552999999999998,,True
tmixed_current_contract_n30_20260714,TMIXED_CC_diagnost_02,diagnostic_error_reduction,4,8,research showing fewer diagnostic errors or improved diagnostic accuracy,5,False,0.0007353,,4,True,0.0041567999999999996,,True
tmixed_current_contract_n30_20260714,TMIXED_CC_diagnost_03,diagnostic_error_reduction,3,6,research showing fewer diagnostic errors or improved diagnostic accuracy,3,True,0.0004802,,3,True,0.00701543,,True
tmixed_current_contract_n30_20260714,TMIXED_CC_diagnost_04,diagnostic_error_reduction,4,9,research showing fewer diagnostic errors or improved diagnostic accuracy,4,True,0.000935,,4,True,0.0058964,,True
tmixed_current_contract_n30_20260714,TMIXED_CC_diagnost_05,diagnostic_error_reduction,4,8,research showing fewer diagnostic errors or improved diagnostic accuracy,5,False,0.0007932,,4,True,0.0032903000000000003,,True
tmixed_current_contract_n30_20260714,TMIXED_CC_diagnost_06,diagnostic_error_reduction,3,8,research showing fewer diagnostic errors or improved diagnostic accuracy,3,True,0.0007701,,8,False,0.0033999,,True
tmixed_current_contract_n30_20260714,TMIXED_CC_diagnost_07,diagnostic_error_reduction,3,9,research showing fewer diagnostic errors or improved diagnostic accuracy,3,True,0.0010935,,3,True,0.0033917000000000005,,True
tmixed_current_contract_n30_20260714,TMIXED_CC_diagnost_08,diagnostic_error_reduction,3,8,research showing fewer diagnostic errors or improved diagnostic accuracy,3,True,0.00091,,2,False,0.007148199999999999,,True
tmixed_current_contract_n30_20260714,TMIXED_CC_diagnost_09,diagnostic_error_reduction,4,7,research showing fewer diagnostic errors or improved diagnostic accuracy,4,True,0.0007536,,5,False,0.004022700000000001,,True
tmixed_current_contract_n30_20260714,TMIXED_CC_diagnost_10,diagnostic_error_reduction,2,6,research showing fewer diagnostic errors or improved diagnostic accuracy,2,True,0.000641,,2,True,0.0037049000000000006,,True
tmixed_current_contract_n30_20260714,TMIXED_CC_diagnost_11,diagnostic_error_reduction,4,8,research showing fewer diagnostic errors or improved diagnostic accuracy,4,True,0.0010982,,4,True,0.004706,,True
tmixed_current_contract_n30_20260714,TMIXED_CC_diagnost_12,diagnostic_error_reduction,3,6,research showing fewer diagnostic errors or improved diagnostic accuracy,3,True,0.0006631,,3,True,0.0028268,,True
tmixed_current_contract_n30_20260714,TMIXED_CC_diagnost_13,diagnostic_error_reduction,2,6,research showing fewer diagnostic errors or improved diagnostic accuracy,2,True,0.0006374,,2,True,0.005631549999999999,,True
tmixed_current_contract_n30_20260714,TMIXED_CC_diagnost_14,diagnostic_error_reduction,2,6,research showing fewer diagnostic errors or improved diagnostic accuracy,2,True,0.0005923,,-1,False,0.0,CancellationError('Execution cancelled by user (Ctrl+C)'),False
