run_id,example_id,domain,gold_count,n_total,query,direct_gemini_pred,direct_gemini_correct,direct_gemini_cost_usd,direct_gemini_error,rlm_original_count_contract_pred,rlm_original_count_contract_correct,rlm_original_count_contract_cost_usd,rlm_original_count_contract_error,rlm_original_count_contract_finalized,rlm_content_json_contract_pred,rlm_content_json_contract_correct,rlm_content_json_contract_cost_usd,rlm_content_json_contract_error,rlm_content_json_contract_finalized
tmixed_finalization_probe_n8_20260713,R22_clinicia_00,clinician_burnout_reduction,3,8,studies reporting improvement in clinician burnout levels,3,True,0.0007465,,-1,False,0.004787429999999999,,False,2,False,0.004199980000000001,,True
tmixed_finalization_probe_n8_20260713,R22_clinicia_01,clinician_burnout_reduction,3,7,studies reporting improvement in clinician burnout levels,3,True,0.0016107,,-1,False,0.0029734,,False,3,True,0.0053685,,True
tmixed_finalization_probe_n8_20260713,R22_clinicia_02,clinician_burnout_reduction,2,7,studies reporting improvement in clinician burnout levels,2,True,0.000643,,-1,False,0.0029642,,False,1,False,0.0035442999999999994,,True
tmixed_finalization_probe_n8_20260713,R22_clinicia_03,clinician_burnout_reduction,3,6,studies reporting improvement in clinician burnout levels,3,True,0.0005431,,-1,False,0.0035307000000000003,,False,3,True,0.0029531799999999997,,True
tmixed_finalization_probe_n8_20260713,R22_clinicia_04,clinician_burnout_reduction,4,8,studies reporting improvement in clinician burnout levels,4,True,0.0007356,,-1,False,0.0019516999999999998,,False,2,False,0.0028961,,True
tmixed_finalization_probe_n8_20260713,R22_clinicia_05,clinician_burnout_reduction,2,5,studies reporting improvement in clinician burnout levels,2,True,0.0004314,,-1,False,0.0029157999999999996,,False,2,True,0.0021885,,True
tmixed_finalization_probe_n8_20260713,R22_clinicia_06,clinician_burnout_reduction,2,6,studies reporting improvement in clinician burnout levels,2,True,0.0006393,,-1,False,0.0023299,,False,2,True,0.0029835,,True
tmixed_finalization_probe_n8_20260713,R22_clinicia_07,clinician_burnout_reduction,2,6,studies reporting improvement in clinician burnout levels,2,True,0.0005273,,-1,False,0.0024246,,False,2,True,0.0021003999999999997,,True
tmixed_finalization_probe_n12_offset8_20260713,R22_clinicia_08,clinician_burnout_reduction,4,9,studies reporting improvement in clinician burnout levels,4,True,0.0007227,,-1,False,0.0031917,,False,4,True,0.0018301,,True
tmixed_finalization_probe_n12_offset8_20260713,R22_clinicia_09,clinician_burnout_reduction,3,8,studies reporting improvement in clinician burnout levels,3,True,0.000777,,-1,False,0.0038909,,False,1,False,0.003754500000000001,,True
tmixed_finalization_probe_n12_offset8_20260713,R22_diagnost_00,diagnostic_error_reduction,4,8,research showing fewer diagnostic errors or improved diagnostic accuracy,4,True,0.0006305,,-1,False,0.00396053,,False,4,True,0.005277080000000001,,True
tmixed_finalization_probe_n12_offset8_20260713,R22_diagnost_01,diagnostic_error_reduction,2,6,research showing fewer diagnostic errors or improved diagnostic accuracy,2,True,0.000571,,-1,False,0.0028846,,False,2,True,0.0031550000000000003,,True
tmixed_finalization_probe_n12_offset8_20260713,R22_diagnost_02,diagnostic_error_reduction,2,7,research showing fewer diagnostic errors or improved diagnostic accuracy,2,True,0.000632,,-1,False,0.0028989000000000003,,False,2,True,0.0030444,,True
tmixed_finalization_probe_n12_offset8_20260713,R22_diagnost_03,diagnostic_error_reduction,3,8,research showing fewer diagnostic errors or improved diagnostic accuracy,3,True,0.0007602,,-1,False,0.006629599999999999,,False,2,False,0.0037950300000000005,,True
tmixed_finalization_probe_n12_offset8_20260713,R22_diagnost_04,diagnostic_error_reduction,2,6,research showing fewer diagnostic errors or improved diagnostic accuracy,2,True,0.0006072,,-1,False,0.0026427,,False,2,True,0.0030095,,True
tmixed_finalization_probe_n12_offset8_20260713,R22_diagnost_05,diagnostic_error_reduction,3,7,research showing fewer diagnostic errors or improved diagnostic accuracy,3,True,0.000828,,-1,False,0.0024766,,False,3,True,0.0033274,,True
tmixed_finalization_probe_n12_offset8_20260713,R22_diagnost_06,diagnostic_error_reduction,3,6,research showing fewer diagnostic errors or improved diagnostic accuracy,3,True,0.000719,,-1,False,0.007058,,False,3,True,0.0035697000000000003,,True
tmixed_finalization_probe_n12_offset8_20260713,R22_diagnost_07,diagnostic_error_reduction,3,6,research showing fewer diagnostic errors or improved diagnostic accuracy,3,True,0.0006208,,-1,False,0.0037514000000000002,,False,3,True,0.0046587,,True
tmixed_finalization_probe_n12_offset8_20260713,R22_diagnost_08,diagnostic_error_reduction,4,8,research showing fewer diagnostic errors or improved diagnostic accuracy,4,True,0.0006781,,-1,False,0.0160708,,False,3,False,0.005820199999999999,,True
tmixed_finalization_probe_n12_offset8_20260713,R22_diagnost_09,diagnostic_error_reduction,3,7,research showing fewer diagnostic errors or improved diagnostic accuracy,3,True,0.0007583,,-1,False,0.0037611000000000003,,False,0,False,0.0033003999999999998,,True
